2025-09-04 13:38:20,BlackStack/BlackStack/audit/build_manifest.py,N/A,Context assimilation,observed
2025-09-04 13:38:20,BlackStack/BlackStack/config/route_approvals.py,N/A,Context assimilation,observed
2025-09-04 13:38:20,BlackStack/BlackStack/config/snapshot_manifest.py,N/A,Context assimilation,observed
2025-09-04 13:38:20,BlackStack/BlackStack/config/validate_manifest.py,N/A,Context assimilation,observed
2025-09-04 13:38:20,BlackStack/BlackStack/env/dotenv/__init__.py,N/A,Context assimilation,observed
2025-09-04 13:38:20,BlackStack/BlackStack/env/dotenv/__main__.py,N/A,Context assimilation,observed
2025-09-04 13:38:20,BlackStack/BlackStack/env/dotenv/cli.py,N/A,Context assimilation,observed
2025-09-04 13:38:20,BlackStack/BlackStack/env/dotenv/ipython.py,N/A,Context assimilation,observed
2025-09-04 13:38:20,BlackStack/BlackStack/env/dotenv/main.py,N/A,Context assimilation,observed
2025-09-04 13:38:20,BlackStack/BlackStack/env/dotenv/parser.py,N/A,Context assimilation,observed
2025-09-04 13:38:20,BlackStack/BlackStack/env/dotenv/variables.py,N/A,Context assimilation,observed
2025-09-04 13:38:20,BlackStack/BlackStack/env/dotenv/version.py,N/A,Context assimilation,observed
2025-09-04 13:38:20,BlackStack/BlackStack/ingest/modules/approval_gate.py,N/A,Context assimilation,observed
2025-09-04 13:38:20,BlackStack/BlackStack/ingest/modules/manifest_parser.py,N/A,Context assimilation,observed
2025-09-04 13:38:20,BlackStack/BlackStack/ingest/modules/persona_router.py,N/A,Context assimilation,observed
2025-09-04 13:38:20,BlackStack/BlackStack/ingest/modules/refactor_engine.py,N/A,Context assimilation,observed
2025-09-04 13:38:20,BlackStack/BlackStack/ingest/modules/registry_updater.py,N/A,Context assimilation,observed
2025-09-04 13:38:20,BlackStack/BlackStack/ingest/modules/snapshot_logger.py,N/A,Context assimilation,observed
2025-09-04 13:38:20,BlackStack/BlackStack/ingest/persona_ingest_orchestrator.py,N/A,Context assimilation,observed
2025-09-04 13:38:20,BlackStack/BlackStack/ingest/registry_ingest_daemon.py,N/A,Context assimilation,observed
2025-09-04 13:38:20,BlackStack/BlackStack/ingest/registry_scanner.py,N/A,Context assimilation,observed
2025-09-04 13:38:20,BlackStack/BlackStack/modules/Diagnostics/libcheck.py,N/A,Context assimilation,observed
2025-09-04 13:38:20,BlackStack/BlackStack/modules/deepseek/autonomy/autonomy_gui.py,N/A,Context assimilation,observed
2025-09-04 13:38:20,BlackStack/BlackStack/modules/deepseek/autonomy/deepseek_autonomy.py,N/A,Context assimilation,observed
2025-09-04 13:38:20,BlackStack/BlackStack/modules/deepseek_refactor_suggest.py,N/A,Context assimilation,observed
2025-09-04 13:38:20,BlackStack/BlackStack/modules/deepseek_registry_builder.py,N/A,Context assimilation,observed
2025-09-04 13:38:20,BlackStack/BlackStack/modules/deepseek_scan.py,N/A,Context assimilation,observed
2025-09-04 13:38:20,BlackStack/BlackStack/modules/deepseek_watchdog.py,N/A,Context assimilation,observed
2025-09-04 13:38:20,BlackStack/BlackStack/modules/diagnostics/libcheck.py,N/A,Context assimilation,observed
2025-09-04 13:38:20,BlackStack/BlackStack/modules/gui/main_gui.py,N/A,Context assimilation,observed
2025-09-04 13:38:20,BlackStack/BlackStack/modules/voice/audio_input.py,N/A,Context assimilation,observed
2025-09-04 13:38:20,BlackStack/BlackStack/modules/voice/audio_output.py,N/A,Context assimilation,observed
2025-09-04 13:38:20,BlackStack/BlackStack/modules/voice/audio_shell.py,N/A,Context assimilation,observed
2025-09-04 13:38:20,BlackStack/BlackStack/persona/api_handler.py,N/A,Context assimilation,observed
2025-09-04 13:38:20,BlackStack/BlackStack/runtime/__init__.py,N/A,Context assimilation,observed
2025-09-04 13:38:20,BlackStack/BlackStack/runtime/deepseek_cli.py,N/A,Context assimilation,observed
2025-09-04 13:38:20,BlackStack/BlackStack/runtime/deepseek_core.py,N/A,Context assimilation,observed
2025-09-04 13:38:20,BlackStack/BlackStack/runtime/deepseek_v2.py,N/A,Context assimilation,observed
2025-09-04 13:38:20,BlackStack/BlackStack/runtime/fallback_deepseek.py,N/A,Context assimilation,observed
2025-09-04 13:38:20,BlackStack/BlackStack/runtime/persona_loader.py,N/A,Context assimilation,observed
2025-09-04 13:38:20,BlackStack/BlackStack/runtime/persona_variants/auditpersona_v2.py,N/A,Context assimilation,observed
2025-09-04 13:38:20,BlackStack/BlackStack/runtime/persona_variants/blueteam_v2.py,N/A,Context assimilation,observed
2025-09-04 13:38:20,BlackStack/BlackStack/runtime/persona_variants/redteam_v2.py,N/A,Context assimilation,observed
2025-09-04 13:38:20,BlackStack/BlackStack/runtime/finalize_ai.py,N/A,Context assimilation,observed
2025-09-04 13:43:30,BlackStack/BlackStack/audit/build_manifest.py,N/A,Passive refactor proposal,approved
2025-09-04 13:43:34,BlackStack/BlackStack/config/route_approvals.py,N/A,Passive refactor proposal,approved
2025-09-04 13:43:36,BlackStack/BlackStack/config/snapshot_manifest.py,N/A,Passive refactor proposal,approved
2025-09-04 13:43:37,BlackStack/BlackStack/config/validate_manifest.py,N/A,Passive refactor proposal,approved
2025-09-04 13:43:38,BlackStack/BlackStack/env/dotenv/__init__.py,N/A,Passive refactor proposal,approved
2025-09-04 13:43:39,BlackStack/BlackStack/env/dotenv/__main__.py,N/A,Passive refactor proposal,approved
2025-09-04 13:43:41,BlackStack/BlackStack/env/dotenv/cli.py,N/A,Passive refactor proposal,approved
2025-09-04 13:43:45,BlackStack/BlackStack/env/dotenv/ipython.py,N/A,Passive refactor proposal,approved
2025-09-04 13:43:46,BlackStack/BlackStack/env/dotenv/main.py,N/A,Passive refactor proposal,approved
2025-09-04 13:43:47,BlackStack/BlackStack/env/dotenv/parser.py,N/A,Passive refactor proposal,approved
2025-09-04 13:43:49,BlackStack/BlackStack/env/dotenv/variables.py,N/A,Passive refactor proposal,approved
2025-09-04 13:43:50,BlackStack/BlackStack/env/dotenv/version.py,N/A,Passive refactor proposal,approved
2025-09-04 13:43:51,BlackStack/BlackStack/ingest/modules/approval_gate.py,N/A,Passive refactor proposal,approved
2025-09-04 13:43:52,BlackStack/BlackStack/ingest/modules/manifest_parser.py,N/A,Passive refactor proposal,approved
2025-09-04 13:43:54,BlackStack/BlackStack/ingest/modules/persona_router.py,N/A,Passive refactor proposal,approved
2025-09-04 13:43:56,BlackStack/BlackStack/ingest/modules/refactor_engine.py,N/A,Passive refactor proposal,approved
2025-09-04 13:43:57,BlackStack/BlackStack/ingest/modules/registry_updater.py,N/A,Passive refactor proposal,approved
2025-09-04 13:43:58,BlackStack/BlackStack/ingest/modules/snapshot_logger.py,N/A,Passive refactor proposal,approved
2025-09-04 13:44:00,BlackStack/BlackStack/ingest/persona_ingest_orchestrator.py,N/A,Passive refactor proposal,approved
2025-09-04 13:44:01,BlackStack/BlackStack/ingest/registry_ingest_daemon.py,N/A,Passive refactor proposal,approved
2025-09-04 13:44:02,BlackStack/BlackStack/ingest/registry_scanner.py,N/A,Passive refactor proposal,approved
2025-09-04 13:44:03,BlackStack/BlackStack/modules/Diagnostics/libcheck.py,N/A,Passive refactor proposal,approved
2025-09-04 13:44:04,BlackStack/BlackStack/modules/deepseek/autonomy/autonomy_gui.py,N/A,Passive refactor proposal,approved
2025-09-04 13:44:06,BlackStack/BlackStack/modules/deepseek/autonomy/deepseek_autonomy.py,N/A,Passive refactor proposal,approved
2025-09-04 13:44:07,BlackStack/BlackStack/modules/deepseek_refactor_suggest.py,N/A,Passive refactor proposal,approved
2025-09-04 13:44:09,BlackStack/BlackStack/modules/deepseek_registry_builder.py,N/A,Passive refactor proposal,approved
2025-09-04 13:44:11,BlackStack/BlackStack/modules/deepseek_scan.py,N/A,Passive refactor proposal,approved
2025-09-04 13:44:13,BlackStack/BlackStack/modules/deepseek_watchdog.py,N/A,Passive refactor proposal,approved
2025-09-04 13:44:14,BlackStack/BlackStack/modules/diagnostics/libcheck.py,N/A,Passive refactor proposal,approved
2025-09-04 13:44:16,BlackStack/BlackStack/modules/gui/main_gui.py,N/A,Passive refactor proposal,approved
2025-09-04 13:44:21,BlackStack/BlackStack/modules/voice/audio_input.py,N/A,Passive refactor proposal,approved
2025-09-04 13:44:21,BlackStack/BlackStack/modules/voice/audio_output.py,N/A,Passive refactor proposal,approved
2025-09-04 13:44:22,BlackStack/BlackStack/modules/voice/audio_shell.py,N/A,Passive refactor proposal,approved
2025-09-04 13:44:22,BlackStack/BlackStack/persona/api_handler.py,N/A,Passive refactor proposal,approved
2025-09-04 13:44:23,BlackStack/BlackStack/runtime/__init__.py,N/A,Passive refactor proposal,approved
2025-09-04 13:44:24,BlackStack/BlackStack/runtime/deepseek_cli.py,N/A,Passive refactor proposal,approved
2025-09-04 13:44:24,BlackStack/BlackStack/runtime/deepseek_core.py,N/A,Passive refactor proposal,approved
2025-09-04 13:44:25,BlackStack/BlackStack/runtime/deepseek_v2.py,N/A,Passive refactor proposal,approved
2025-09-04 13:44:26,BlackStack/BlackStack/runtime/fallback_deepseek.py,N/A,Passive refactor proposal,approved
2025-09-04 13:44:26,BlackStack/BlackStack/runtime/persona_loader.py,N/A,Passive refactor proposal,approved
2025-09-04 13:44:27,BlackStack/BlackStack/runtime/persona_variants/auditpersona_v2.py,N/A,Passive refactor proposal,approved
2025-09-04 13:44:28,BlackStack/BlackStack/runtime/persona_variants/blueteam_v2.py,N/A,Passive refactor proposal,approved
2025-09-04 13:44:28,BlackStack/BlackStack/runtime/persona_variants/redteam_v2.py,N/A,Passive refactor proposal,approved
2025-09-04 13:44:29,BlackStack/BlackStack/runtime/finalize_ai.py,N/A,Passive refactor proposal,approved
2025-09-04 13:51:46,BlackStack/BlackStack/audit/build_manifest.py,N/A,Context assimilation,observed
2025-09-04 13:51:46,BlackStack/BlackStack/config/route_approvals.py,N/A,Context assimilation,observed
2025-09-04 13:51:46,BlackStack/BlackStack/config/snapshot_manifest.py,N/A,Context assimilation,observed
2025-09-04 13:51:46,BlackStack/BlackStack/config/validate_manifest.py,N/A,Context assimilation,observed
2025-09-04 13:51:46,BlackStack/BlackStack/env/dotenv/__init__.py,N/A,Context assimilation,observed
2025-09-04 13:51:46,BlackStack/BlackStack/env/dotenv/__main__.py,N/A,Context assimilation,observed
2025-09-04 13:51:46,BlackStack/BlackStack/env/dotenv/cli.py,N/A,Context assimilation,observed
2025-09-04 13:51:46,BlackStack/BlackStack/env/dotenv/ipython.py,N/A,Context assimilation,observed
2025-09-04 13:51:46,BlackStack/BlackStack/env/dotenv/main.py,N/A,Context assimilation,observed
2025-09-04 13:51:46,BlackStack/BlackStack/env/dotenv/parser.py,N/A,Context assimilation,observed
2025-09-04 13:51:46,BlackStack/BlackStack/env/dotenv/variables.py,N/A,Context assimilation,observed
2025-09-04 13:51:46,BlackStack/BlackStack/env/dotenv/version.py,N/A,Context assimilation,observed
2025-09-04 13:51:46,BlackStack/BlackStack/ingest/modules/approval_gate.py,N/A,Context assimilation,observed
2025-09-04 13:51:46,BlackStack/BlackStack/ingest/modules/manifest_parser.py,N/A,Context assimilation,observed
2025-09-04 13:51:46,BlackStack/BlackStack/ingest/modules/persona_router.py,N/A,Context assimilation,observed
2025-09-04 13:51:46,BlackStack/BlackStack/ingest/modules/refactor_engine.py,N/A,Context assimilation,observed
2025-09-04 13:51:46,BlackStack/BlackStack/ingest/modules/registry_updater.py,N/A,Context assimilation,observed
2025-09-04 13:51:46,BlackStack/BlackStack/ingest/modules/snapshot_logger.py,N/A,Context assimilation,observed
2025-09-04 13:51:46,BlackStack/BlackStack/ingest/persona_ingest_orchestrator.py,N/A,Context assimilation,observed
2025-09-04 13:51:46,BlackStack/BlackStack/ingest/registry_ingest_daemon.py,N/A,Context assimilation,observed
2025-09-04 13:51:46,BlackStack/BlackStack/ingest/registry_scanner.py,N/A,Context assimilation,observed
2025-09-04 13:51:46,BlackStack/BlackStack/modules/Diagnostics/libcheck.py,N/A,Context assimilation,observed
2025-09-04 13:51:46,BlackStack/BlackStack/modules/deepseek/autonomy/autonomy_gui.py,N/A,Context assimilation,observed
2025-09-04 13:51:46,BlackStack/BlackStack/modules/deepseek/autonomy/deepseek_autonomy.py,N/A,Context assimilation,observed
2025-09-04 13:51:46,BlackStack/BlackStack/modules/deepseek_refactor_suggest.py,N/A,Context assimilation,observed
2025-09-04 13:51:46,BlackStack/BlackStack/modules/deepseek_registry_builder.py,N/A,Context assimilation,observed
2025-09-04 13:51:46,BlackStack/BlackStack/modules/deepseek_scan.py,N/A,Context assimilation,observed
2025-09-04 13:51:46,BlackStack/BlackStack/modules/deepseek_watchdog.py,N/A,Context assimilation,observed
2025-09-04 13:51:46,BlackStack/BlackStack/modules/diagnostics/libcheck.py,N/A,Context assimilation,observed
2025-09-04 13:51:46,BlackStack/BlackStack/modules/gui/main_gui.py,N/A,Context assimilation,observed
2025-09-04 13:51:46,BlackStack/BlackStack/modules/voice/audio_input.py,N/A,Context assimilation,observed
2025-09-04 13:51:46,BlackStack/BlackStack/modules/voice/audio_output.py,N/A,Context assimilation,observed
2025-09-04 13:51:46,BlackStack/BlackStack/modules/voice/audio_shell.py,N/A,Context assimilation,observed
2025-09-04 13:51:46,BlackStack/BlackStack/persona/api_handler.py,N/A,Context assimilation,observed
2025-09-04 13:51:46,BlackStack/BlackStack/runtime/__init__.py,N/A,Context assimilation,observed
2025-09-04 13:51:46,BlackStack/BlackStack/runtime/deepseek_cli.py,N/A,Context assimilation,observed
2025-09-04 13:51:46,BlackStack/BlackStack/runtime/deepseek_core.py,N/A,Context assimilation,observed
2025-09-04 13:51:46,BlackStack/BlackStack/runtime/deepseek_v2.py,N/A,Context assimilation,observed
2025-09-04 13:51:46,BlackStack/BlackStack/runtime/fallback_deepseek.py,N/A,Context assimilation,observed
2025-09-04 13:51:46,BlackStack/BlackStack/runtime/persona_loader.py,N/A,Context assimilation,observed
2025-09-04 13:51:46,BlackStack/BlackStack/runtime/persona_variants/auditpersona_v2.py,N/A,Context assimilation,observed
2025-09-04 13:51:46,BlackStack/BlackStack/runtime/persona_variants/blueteam_v2.py,N/A,Context assimilation,observed
2025-09-04 13:51:46,BlackStack/BlackStack/runtime/persona_variants/redteam_v2.py,N/A,Context assimilation,observed
2025-09-04 13:51:46,BlackStack/BlackStack/runtime/finalize_ai.py,N/A,Context assimilation,observed
2025-09-04 13:52:13,BlackStack/BlackStack/audit/build_manifest.py,N/A,Passive refactor proposal,approved
2025-09-04 13:52:14,BlackStack/BlackStack/config/route_approvals.py,N/A,Passive refactor proposal,approved
2025-09-04 13:52:14,BlackStack/BlackStack/config/snapshot_manifest.py,N/A,Passive refactor proposal,approved
2025-09-04 13:52:14,BlackStack/BlackStack/config/validate_manifest.py,N/A,Passive refactor proposal,approved
2025-09-04 13:52:14,BlackStack/BlackStack/env/dotenv/__init__.py,N/A,Passive refactor proposal,approved
2025-09-04 13:52:15,BlackStack/BlackStack/env/dotenv/__main__.py,N/A,Passive refactor proposal,approved
2025-09-04 13:52:15,BlackStack/BlackStack/env/dotenv/cli.py,N/A,Passive refactor proposal,approved
2025-09-04 13:52:15,BlackStack/BlackStack/env/dotenv/ipython.py,N/A,Passive refactor proposal,approved
2025-09-04 13:52:15,BlackStack/BlackStack/env/dotenv/main.py,N/A,Passive refactor proposal,approved
2025-09-04 13:52:16,BlackStack/BlackStack/env/dotenv/parser.py,N/A,Passive refactor proposal,approved
2025-09-04 13:52:16,BlackStack/BlackStack/env/dotenv/variables.py,N/A,Passive refactor proposal,approved
2025-09-04 13:52:16,BlackStack/BlackStack/env/dotenv/version.py,N/A,Passive refactor proposal,approved
2025-09-04 13:52:16,BlackStack/BlackStack/ingest/modules/approval_gate.py,N/A,Passive refactor proposal,approved
2025-09-04 13:52:17,BlackStack/BlackStack/ingest/modules/manifest_parser.py,N/A,Passive refactor proposal,approved
2025-09-04 13:52:17,BlackStack/BlackStack/ingest/modules/persona_router.py,N/A,Passive refactor proposal,approved
2025-09-04 13:52:17,BlackStack/BlackStack/ingest/modules/refactor_engine.py,N/A,Passive refactor proposal,approved
2025-09-04 13:52:17,BlackStack/BlackStack/ingest/modules/registry_updater.py,N/A,Passive refactor proposal,approved
2025-09-04 13:52:18,BlackStack/BlackStack/ingest/modules/snapshot_logger.py,N/A,Passive refactor proposal,approved
2025-09-04 13:52:18,BlackStack/BlackStack/ingest/persona_ingest_orchestrator.py,N/A,Passive refactor proposal,approved
2025-09-04 13:52:18,BlackStack/BlackStack/ingest/registry_ingest_daemon.py,N/A,Passive refactor proposal,approved
2025-09-04 13:52:18,BlackStack/BlackStack/ingest/registry_scanner.py,N/A,Passive refactor proposal,approved
2025-09-04 13:52:19,BlackStack/BlackStack/modules/Diagnostics/libcheck.py,N/A,Passive refactor proposal,approved
2025-09-04 13:52:19,BlackStack/BlackStack/modules/deepseek/autonomy/autonomy_gui.py,N/A,Passive refactor proposal,approved
2025-09-04 13:52:19,BlackStack/BlackStack/modules/deepseek/autonomy/deepseek_autonomy.py,N/A,Passive refactor proposal,approved
2025-09-04 13:52:19,BlackStack/BlackStack/modules/deepseek_refactor_suggest.py,N/A,Passive refactor proposal,approved
2025-09-04 13:52:20,BlackStack/BlackStack/modules/deepseek_registry_builder.py,N/A,Passive refactor proposal,approved
2025-09-04 13:52:21,BlackStack/BlackStack/modules/deepseek_scan.py,N/A,Passive refactor proposal,approved
2025-09-04 13:52:21,BlackStack/BlackStack/modules/deepseek_watchdog.py,N/A,Passive refactor proposal,approved
2025-09-04 13:52:22,BlackStack/BlackStack/modules/diagnostics/libcheck.py,N/A,Passive refactor proposal,approved
2025-09-04 13:52:23,BlackStack/BlackStack/modules/gui/main_gui.py,N/A,Passive refactor proposal,approved
2025-09-04 13:52:23,BlackStack/BlackStack/modules/voice/audio_input.py,N/A,Passive refactor proposal,approved
2025-09-04 13:52:24,BlackStack/BlackStack/modules/voice/audio_output.py,N/A,Passive refactor proposal,approved
2025-09-04 13:52:24,BlackStack/BlackStack/modules/voice/audio_shell.py,N/A,Passive refactor proposal,approved
2025-09-04 13:52:25,BlackStack/BlackStack/persona/api_handler.py,N/A,Passive refactor proposal,approved
2025-09-04 13:52:25,BlackStack/BlackStack/runtime/__init__.py,N/A,Passive refactor proposal,approved
2025-09-04 13:52:26,BlackStack/BlackStack/runtime/deepseek_cli.py,N/A,Passive refactor proposal,approved
2025-09-04 13:52:27,BlackStack/BlackStack/runtime/deepseek_core.py,N/A,Passive refactor proposal,approved
2025-09-04 13:52:27,BlackStack/BlackStack/runtime/deepseek_v2.py,N/A,Passive refactor proposal,approved
2025-09-04 13:52:28,BlackStack/BlackStack/runtime/fallback_deepseek.py,N/A,Passive refactor proposal,approved
2025-09-04 13:52:28,BlackStack/BlackStack/runtime/persona_loader.py,N/A,Passive refactor proposal,approved
2025-09-04 13:52:29,BlackStack/BlackStack/runtime/persona_variants/auditpersona_v2.py,N/A,Passive refactor proposal,approved
2025-09-04 13:52:29,BlackStack/BlackStack/runtime/persona_variants/blueteam_v2.py,N/A,Passive refactor proposal,approved
2025-09-04 13:52:30,BlackStack/BlackStack/runtime/persona_variants/redteam_v2.py,N/A,Passive refactor proposal,approved
2025-09-04 13:52:31,BlackStack/BlackStack/runtime/finalize_ai.py,N/A,Passive refactor proposal,approved
2025-09-04 13:52:32,BlackStack/BlackStack/audit/build_manifest.py,N/A,Passive refactor proposal,approved
2025-09-04 13:52:32,BlackStack/BlackStack/config/route_approvals.py,N/A,Passive refactor proposal,approved
2025-09-04 13:52:33,BlackStack/BlackStack/config/snapshot_manifest.py,N/A,Passive refactor proposal,approved
2025-09-04 13:52:33,BlackStack/BlackStack/config/validate_manifest.py,N/A,Passive refactor proposal,approved
2025-09-04 13:52:34,BlackStack/BlackStack/env/dotenv/__init__.py,N/A,Passive refactor proposal,approved
2025-09-04 13:52:34,BlackStack/BlackStack/env/dotenv/__main__.py,N/A,Passive refactor proposal,approved
2025-09-04 13:52:35,BlackStack/BlackStack/env/dotenv/cli.py,N/A,Passive refactor proposal,approved
2025-09-04 13:52:36,BlackStack/BlackStack/env/dotenv/ipython.py,N/A,Passive refactor proposal,approved
2025-09-04 13:52:36,BlackStack/BlackStack/env/dotenv/main.py,N/A,Passive refactor proposal,approved
2025-09-04 13:52:37,BlackStack/BlackStack/env/dotenv/parser.py,N/A,Passive refactor proposal,approved
2025-09-04 13:52:37,BlackStack/BlackStack/env/dotenv/variables.py,N/A,Passive refactor proposal,approved
2025-09-04 13:52:38,BlackStack/BlackStack/env/dotenv/version.py,N/A,Passive refactor proposal,approved
2025-09-04 13:52:39,BlackStack/BlackStack/ingest/modules/approval_gate.py,N/A,Passive refactor proposal,approved
2025-09-04 13:52:43,BlackStack/BlackStack/ingest/modules/manifest_parser.py,N/A,Passive refactor proposal,approved
2025-09-04 13:52:44,BlackStack/BlackStack/ingest/modules/persona_router.py,N/A,Passive refactor proposal,approved
2025-09-04 13:52:45,BlackStack/BlackStack/ingest/modules/refactor_engine.py,N/A,Passive refactor proposal,approved
2025-09-04 13:52:46,BlackStack/BlackStack/ingest/modules/registry_updater.py,N/A,Passive refactor proposal,approved
2025-09-04 13:52:46,BlackStack/BlackStack/ingest/modules/snapshot_logger.py,N/A,Passive refactor proposal,approved
2025-09-04 13:52:47,BlackStack/BlackStack/ingest/persona_ingest_orchestrator.py,N/A,Passive refactor proposal,approved
2025-09-04 13:52:48,BlackStack/BlackStack/ingest/registry_ingest_daemon.py,N/A,Passive refactor proposal,approved
2025-09-04 13:52:48,BlackStack/BlackStack/ingest/registry_scanner.py,N/A,Passive refactor proposal,approved
2025-09-04 13:52:49,BlackStack/BlackStack/modules/Diagnostics/libcheck.py,N/A,Passive refactor proposal,approved
2025-09-04 13:52:49,BlackStack/BlackStack/modules/deepseek/autonomy/autonomy_gui.py,N/A,Passive refactor proposal,approved
2025-09-04 13:52:50,BlackStack/BlackStack/modules/deepseek/autonomy/deepseek_autonomy.py,N/A,Passive refactor proposal,approved
2025-09-04 13:52:51,BlackStack/BlackStack/modules/deepseek_refactor_suggest.py,N/A,Passive refactor proposal,approved
2025-09-04 13:52:51,BlackStack/BlackStack/modules/deepseek_registry_builder.py,N/A,Passive refactor proposal,approved
2025-09-04 13:52:52,BlackStack/BlackStack/modules/deepseek_scan.py,N/A,Passive refactor proposal,approved
2025-09-04 13:52:53,BlackStack/BlackStack/modules/deepseek_watchdog.py,N/A,Passive refactor proposal,approved
2025-09-04 13:52:53,BlackStack/BlackStack/modules/diagnostics/libcheck.py,N/A,Passive refactor proposal,approved
2025-09-04 13:52:54,BlackStack/BlackStack/modules/gui/main_gui.py,N/A,Passive refactor proposal,approved
2025-09-04 13:52:55,BlackStack/BlackStack/modules/voice/audio_input.py,N/A,Passive refactor proposal,approved
2025-09-04 13:52:55,BlackStack/BlackStack/modules/voice/audio_output.py,N/A,Passive refactor proposal,approved
2025-09-04 13:52:56,BlackStack/BlackStack/modules/voice/audio_shell.py,N/A,Passive refactor proposal,approved
2025-09-04 13:52:57,BlackStack/BlackStack/persona/api_handler.py,N/A,Passive refactor proposal,approved
2025-09-04 13:52:57,BlackStack/BlackStack/runtime/__init__.py,N/A,Passive refactor proposal,approved
2025-09-04 13:52:58,BlackStack/BlackStack/runtime/deepseek_cli.py,N/A,Passive refactor proposal,approved
2025-09-04 13:52:59,BlackStack/BlackStack/runtime/deepseek_core.py,N/A,Passive refactor proposal,approved
2025-09-04 13:52:59,BlackStack/BlackStack/runtime/deepseek_v2.py,N/A,Passive refactor proposal,approved
2025-09-04 13:53:00,BlackStack/BlackStack/runtime/fallback_deepseek.py,N/A,Passive refactor proposal,approved
2025-09-04 13:53:01,BlackStack/BlackStack/runtime/persona_loader.py,N/A,Passive refactor proposal,approved
2025-09-04 13:53:01,BlackStack/BlackStack/runtime/persona_variants/auditpersona_v2.py,N/A,Passive refactor proposal,approved
2025-09-04 13:53:02,BlackStack/BlackStack/runtime/persona_variants/blueteam_v2.py,N/A,Passive refactor proposal,approved
2025-09-04 13:53:03,BlackStack/BlackStack/runtime/persona_variants/redteam_v2.py,N/A,Passive refactor proposal,approved
2025-09-04 13:53:04,BlackStack/BlackStack/runtime/finalize_ai.py,N/A,Passive refactor proposal,approved
2025-09-04 13:58:27,BlackStack/BlackStack/audit/build_manifest.py,N/A,Context assimilation,observed
2025-09-04 13:58:27,BlackStack/BlackStack/config/route_approvals.py,N/A,Context assimilation,observed
2025-09-04 13:58:27,BlackStack/BlackStack/config/snapshot_manifest.py,N/A,Context assimilation,observed
2025-09-04 13:58:27,BlackStack/BlackStack/config/validate_manifest.py,N/A,Context assimilation,observed
2025-09-04 13:58:27,BlackStack/BlackStack/env/dotenv/__init__.py,N/A,Context assimilation,observed
2025-09-04 13:58:27,BlackStack/BlackStack/env/dotenv/__main__.py,N/A,Context assimilation,observed
2025-09-04 13:58:27,BlackStack/BlackStack/env/dotenv/cli.py,N/A,Context assimilation,observed
2025-09-04 13:58:27,BlackStack/BlackStack/env/dotenv/ipython.py,N/A,Context assimilation,observed
2025-09-04 13:58:27,BlackStack/BlackStack/env/dotenv/main.py,N/A,Context assimilation,observed
2025-09-04 13:58:27,BlackStack/BlackStack/env/dotenv/parser.py,N/A,Context assimilation,observed
2025-09-04 13:58:27,BlackStack/BlackStack/env/dotenv/variables.py,N/A,Context assimilation,observed
2025-09-04 13:58:27,BlackStack/BlackStack/env/dotenv/version.py,N/A,Context assimilation,observed
2025-09-04 13:58:27,BlackStack/BlackStack/ingest/modules/approval_gate.py,N/A,Context assimilation,observed
2025-09-04 13:58:27,BlackStack/BlackStack/ingest/modules/manifest_parser.py,N/A,Context assimilation,observed
2025-09-04 13:58:27,BlackStack/BlackStack/ingest/modules/persona_router.py,N/A,Context assimilation,observed
2025-09-04 13:58:27,BlackStack/BlackStack/ingest/modules/refactor_engine.py,N/A,Context assimilation,observed
2025-09-04 13:58:27,BlackStack/BlackStack/ingest/modules/registry_updater.py,N/A,Context assimilation,observed
2025-09-04 13:58:27,BlackStack/BlackStack/ingest/modules/snapshot_logger.py,N/A,Context assimilation,observed
2025-09-04 13:58:27,BlackStack/BlackStack/ingest/persona_ingest_orchestrator.py,N/A,Context assimilation,observed
2025-09-04 13:58:27,BlackStack/BlackStack/ingest/registry_ingest_daemon.py,N/A,Context assimilation,observed
2025-09-04 13:58:27,BlackStack/BlackStack/ingest/registry_scanner.py,N/A,Context assimilation,observed
2025-09-04 13:58:27,BlackStack/BlackStack/modules/Diagnostics/libcheck.py,N/A,Context assimilation,observed
2025-09-04 13:58:27,BlackStack/BlackStack/modules/deepseek/autonomy/autonomy_gui.py,N/A,Context assimilation,observed
2025-09-04 13:58:27,BlackStack/BlackStack/modules/deepseek/autonomy/deepseek_autonomy.py,N/A,Context assimilation,observed
2025-09-04 13:58:27,BlackStack/BlackStack/modules/deepseek_refactor_suggest.py,N/A,Context assimilation,observed
2025-09-04 13:58:27,BlackStack/BlackStack/modules/deepseek_registry_builder.py,N/A,Context assimilation,observed
2025-09-04 13:58:27,BlackStack/BlackStack/modules/deepseek_scan.py,N/A,Context assimilation,observed
2025-09-04 13:58:27,BlackStack/BlackStack/modules/deepseek_watchdog.py,N/A,Context assimilation,observed
2025-09-04 13:58:27,BlackStack/BlackStack/modules/diagnostics/libcheck.py,N/A,Context assimilation,observed
2025-09-04 13:58:27,BlackStack/BlackStack/modules/gui/main_gui.py,N/A,Context assimilation,observed
2025-09-04 13:58:27,BlackStack/BlackStack/modules/voice/audio_input.py,N/A,Context assimilation,observed
2025-09-04 13:58:27,BlackStack/BlackStack/modules/voice/audio_output.py,N/A,Context assimilation,observed
2025-09-04 13:58:27,BlackStack/BlackStack/modules/voice/audio_shell.py,N/A,Context assimilation,observed
2025-09-04 13:58:27,BlackStack/BlackStack/persona/api_handler.py,N/A,Context assimilation,observed
2025-09-04 13:58:27,BlackStack/BlackStack/runtime/__init__.py,N/A,Context assimilation,observed
2025-09-04 13:58:27,BlackStack/BlackStack/runtime/deepseek_cli.py,N/A,Context assimilation,observed
2025-09-04 13:58:27,BlackStack/BlackStack/runtime/deepseek_core.py,N/A,Context assimilation,observed
2025-09-04 13:58:27,BlackStack/BlackStack/runtime/deepseek_v2.py,N/A,Context assimilation,observed
2025-09-04 13:58:27,BlackStack/BlackStack/runtime/fallback_deepseek.py,N/A,Context assimilation,observed
2025-09-04 13:58:27,BlackStack/BlackStack/runtime/persona_loader.py,N/A,Context assimilation,observed
2025-09-04 13:58:27,BlackStack/BlackStack/runtime/persona_variants/auditpersona_v2.py,N/A,Context assimilation,observed
2025-09-04 13:58:27,BlackStack/BlackStack/runtime/persona_variants/blueteam_v2.py,N/A,Context assimilation,observed
2025-09-04 13:58:27,BlackStack/BlackStack/runtime/persona_variants/redteam_v2.py,N/A,Context assimilation,observed
2025-09-04 13:58:27,BlackStack/BlackStack/runtime/finalize_ai.py,N/A,Context assimilation,observed
2025-09-04 13:58:32,BlackStack/BlackStack/audit/build_manifest.py,N/A,Passive refactor proposal,approved
2025-09-04 13:58:33,BlackStack/BlackStack/config/route_approvals.py,N/A,Passive refactor proposal,approved
2025-09-04 13:58:33,BlackStack/BlackStack/config/snapshot_manifest.py,N/A,Passive refactor proposal,approved
2025-09-04 13:58:33,BlackStack/BlackStack/config/validate_manifest.py,N/A,Passive refactor proposal,approved
2025-09-04 13:58:34,BlackStack/BlackStack/env/dotenv/__init__.py,N/A,Passive refactor proposal,approved
2025-09-04 13:58:34,BlackStack/BlackStack/env/dotenv/__main__.py,N/A,Passive refactor proposal,approved
2025-09-04 13:58:34,BlackStack/BlackStack/env/dotenv/cli.py,N/A,Passive refactor proposal,approved
2025-09-04 13:58:35,BlackStack/BlackStack/env/dotenv/ipython.py,N/A,Passive refactor proposal,approved
2025-09-04 13:58:35,BlackStack/BlackStack/env/dotenv/main.py,N/A,Passive refactor proposal,approved
2025-09-04 13:58:35,BlackStack/BlackStack/env/dotenv/parser.py,N/A,Passive refactor proposal,approved
2025-09-04 13:58:35,BlackStack/BlackStack/env/dotenv/variables.py,N/A,Passive refactor proposal,approved
2025-09-04 13:58:36,BlackStack/BlackStack/env/dotenv/version.py,N/A,Passive refactor proposal,approved
2025-09-04 13:58:36,BlackStack/BlackStack/ingest/modules/approval_gate.py,N/A,Passive refactor proposal,approved
2025-09-04 13:58:36,BlackStack/BlackStack/ingest/modules/manifest_parser.py,N/A,Passive refactor proposal,approved
2025-09-04 13:58:37,BlackStack/BlackStack/ingest/modules/persona_router.py,N/A,Passive refactor proposal,approved
2025-09-04 13:58:37,BlackStack/BlackStack/ingest/modules/refactor_engine.py,N/A,Passive refactor proposal,approved
2025-09-04 13:58:37,BlackStack/BlackStack/ingest/modules/registry_updater.py,N/A,Passive refactor proposal,approved
2025-09-04 13:58:37,BlackStack/BlackStack/ingest/modules/snapshot_logger.py,N/A,Passive refactor proposal,approved
2025-09-04 13:58:38,BlackStack/BlackStack/ingest/persona_ingest_orchestrator.py,N/A,Passive refactor proposal,approved
2025-09-04 13:58:38,BlackStack/BlackStack/ingest/registry_ingest_daemon.py,N/A,Passive refactor proposal,approved
2025-09-04 13:58:38,BlackStack/BlackStack/ingest/registry_scanner.py,N/A,Passive refactor proposal,approved
2025-09-04 13:58:38,BlackStack/BlackStack/modules/Diagnostics/libcheck.py,N/A,Passive refactor proposal,approved
2025-09-04 13:58:39,BlackStack/BlackStack/modules/deepseek/autonomy/autonomy_gui.py,N/A,Passive refactor proposal,approved
2025-09-04 13:58:39,BlackStack/BlackStack/modules/deepseek/autonomy/deepseek_autonomy.py,N/A,Passive refactor proposal,approved
2025-09-04 13:58:39,BlackStack/BlackStack/modules/deepseek_refactor_suggest.py,N/A,Passive refactor proposal,approved
2025-09-04 13:58:39,BlackStack/BlackStack/modules/deepseek_registry_builder.py,N/A,Passive refactor proposal,approved
2025-09-04 13:58:40,BlackStack/BlackStack/modules/deepseek_scan.py,N/A,Passive refactor proposal,approved
2025-09-04 13:58:40,BlackStack/BlackStack/modules/deepseek_watchdog.py,N/A,Passive refactor proposal,approved
2025-09-04 13:58:40,BlackStack/BlackStack/modules/diagnostics/libcheck.py,N/A,Passive refactor proposal,approved
2025-09-04 13:58:40,BlackStack/BlackStack/modules/gui/main_gui.py,N/A,Passive refactor proposal,approved
2025-09-04 13:58:41,BlackStack/BlackStack/modules/voice/audio_input.py,N/A,Passive refactor proposal,approved
2025-09-04 13:58:41,BlackStack/BlackStack/modules/voice/audio_output.py,N/A,Passive refactor proposal,approved
2025-09-04 13:58:41,BlackStack/BlackStack/modules/voice/audio_shell.py,N/A,Passive refactor proposal,approved
2025-09-04 13:58:41,BlackStack/BlackStack/persona/api_handler.py,N/A,Passive refactor proposal,approved
2025-09-04 13:58:42,BlackStack/BlackStack/runtime/__init__.py,N/A,Passive refactor proposal,approved
2025-09-04 13:58:42,BlackStack/BlackStack/runtime/deepseek_cli.py,N/A,Passive refactor proposal,approved
2025-09-04 13:58:42,BlackStack/BlackStack/runtime/deepseek_core.py,N/A,Passive refactor proposal,approved
2025-09-04 13:58:42,BlackStack/BlackStack/runtime/deepseek_v2.py,N/A,Passive refactor proposal,approved
2025-09-04 13:58:43,BlackStack/BlackStack/runtime/fallback_deepseek.py,N/A,Passive refactor proposal,approved
2025-09-04 13:58:43,BlackStack/BlackStack/runtime/persona_loader.py,N/A,Passive refactor proposal,approved
2025-09-04 13:58:43,BlackStack/BlackStack/runtime/persona_variants/auditpersona_v2.py,N/A,Passive refactor proposal,approved
2025-09-04 13:58:43,BlackStack/BlackStack/runtime/persona_variants/blueteam_v2.py,N/A,Passive refactor proposal,approved
2025-09-04 13:58:44,BlackStack/BlackStack/runtime/persona_variants/redteam_v2.py,N/A,Passive refactor proposal,approved
2025-09-04 13:58:44,BlackStack/BlackStack/runtime/finalize_ai.py,N/A,Passive refactor proposal,approved
2025-09-04 13:58:44,BlackStack/BlackStack/audit/build_manifest.py,N/A,Passive refactor proposal,approved
2025-09-04 13:58:44,BlackStack/BlackStack/config/route_approvals.py,N/A,Passive refactor proposal,approved
2025-09-04 13:58:45,BlackStack/BlackStack/config/snapshot_manifest.py,N/A,Passive refactor proposal,approved
2025-09-04 13:58:45,BlackStack/BlackStack/config/validate_manifest.py,N/A,Passive refactor proposal,approved
2025-09-04 13:58:45,BlackStack/BlackStack/env/dotenv/__init__.py,N/A,Passive refactor proposal,approved
2025-09-04 13:58:45,BlackStack/BlackStack/env/dotenv/__main__.py,N/A,Passive refactor proposal,approved
2025-09-04 13:58:46,BlackStack/BlackStack/env/dotenv/cli.py,N/A,Passive refactor proposal,approved
2025-09-04 13:58:46,BlackStack/BlackStack/env/dotenv/ipython.py,N/A,Passive refactor proposal,approved
2025-09-04 13:58:46,BlackStack/BlackStack/env/dotenv/main.py,N/A,Passive refactor proposal,approved
2025-09-04 13:58:46,BlackStack/BlackStack/env/dotenv/parser.py,N/A,Passive refactor proposal,approved
2025-09-04 13:58:47,BlackStack/BlackStack/env/dotenv/variables.py,N/A,Passive refactor proposal,approved
2025-09-04 13:58:47,BlackStack/BlackStack/env/dotenv/version.py,N/A,Passive refactor proposal,approved
2025-09-04 13:58:47,BlackStack/BlackStack/ingest/modules/approval_gate.py,N/A,Passive refactor proposal,approved
2025-09-04 13:58:47,BlackStack/BlackStack/ingest/modules/manifest_parser.py,N/A,Passive refactor proposal,approved
2025-09-04 13:58:48,BlackStack/BlackStack/ingest/modules/persona_router.py,N/A,Passive refactor proposal,approved
2025-09-04 13:58:48,BlackStack/BlackStack/ingest/modules/refactor_engine.py,N/A,Passive refactor proposal,approved
2025-09-04 13:58:48,BlackStack/BlackStack/ingest/modules/registry_updater.py,N/A,Passive refactor proposal,approved
2025-09-04 13:58:48,BlackStack/BlackStack/ingest/modules/snapshot_logger.py,N/A,Passive refactor proposal,approved
2025-09-04 13:58:48,BlackStack/BlackStack/ingest/persona_ingest_orchestrator.py,N/A,Passive refactor proposal,approved
2025-09-04 13:58:49,BlackStack/BlackStack/ingest/registry_ingest_daemon.py,N/A,Passive refactor proposal,approved
2025-09-04 13:58:49,BlackStack/BlackStack/ingest/registry_scanner.py,N/A,Passive refactor proposal,approved
2025-09-04 13:58:49,BlackStack/BlackStack/modules/Diagnostics/libcheck.py,N/A,Passive refactor proposal,approved
2025-09-04 13:58:49,BlackStack/BlackStack/modules/deepseek/autonomy/autonomy_gui.py,N/A,Passive refactor proposal,approved
2025-09-04 13:58:50,BlackStack/BlackStack/modules/deepseek/autonomy/deepseek_autonomy.py,N/A,Passive refactor proposal,approved
2025-09-04 13:58:50,BlackStack/BlackStack/modules/deepseek_refactor_suggest.py,N/A,Passive refactor proposal,approved
2025-09-04 13:58:50,BlackStack/BlackStack/modules/deepseek_registry_builder.py,N/A,Passive refactor proposal,approved
2025-09-04 13:58:51,BlackStack/BlackStack/modules/deepseek_scan.py,N/A,Passive refactor proposal,approved
2025-09-04 13:58:51,BlackStack/BlackStack/modules/deepseek_watchdog.py,N/A,Passive refactor proposal,approved
2025-09-04 13:58:51,BlackStack/BlackStack/modules/diagnostics/libcheck.py,N/A,Passive refactor proposal,approved
2025-09-04 13:58:51,BlackStack/BlackStack/modules/gui/main_gui.py,N/A,Passive refactor proposal,approved
2025-09-04 13:58:52,BlackStack/BlackStack/modules/voice/audio_input.py,N/A,Passive refactor proposal,approved
2025-09-04 13:58:52,BlackStack/BlackStack/modules/voice/audio_output.py,N/A,Passive refactor proposal,approved
2025-09-04 13:58:52,BlackStack/BlackStack/modules/voice/audio_shell.py,N/A,Passive refactor proposal,approved
2025-09-04 13:58:53,BlackStack/BlackStack/persona/api_handler.py,N/A,Passive refactor proposal,approved
2025-09-04 13:58:53,BlackStack/BlackStack/runtime/__init__.py,N/A,Passive refactor proposal,approved
2025-09-04 13:58:53,BlackStack/BlackStack/runtime/deepseek_cli.py,N/A,Passive refactor proposal,approved
2025-09-04 13:58:53,BlackStack/BlackStack/runtime/deepseek_core.py,N/A,Passive refactor proposal,approved
2025-09-04 13:58:54,BlackStack/BlackStack/runtime/deepseek_v2.py,N/A,Passive refactor proposal,approved
2025-09-04 13:58:54,BlackStack/BlackStack/runtime/fallback_deepseek.py,N/A,Passive refactor proposal,approved
2025-09-04 13:58:54,BlackStack/BlackStack/runtime/persona_loader.py,N/A,Passive refactor proposal,approved
2025-09-04 13:58:55,BlackStack/BlackStack/runtime/persona_variants/auditpersona_v2.py,N/A,Passive refactor proposal,approved
2025-09-04 13:58:56,BlackStack/BlackStack/runtime/persona_variants/blueteam_v2.py,N/A,Passive refactor proposal,approved
2025-09-04 13:58:56,BlackStack/BlackStack/runtime/persona_variants/redteam_v2.py,N/A,Passive refactor proposal,approved
2025-09-04 13:58:57,BlackStack/BlackStack/runtime/finalize_ai.py,N/A,Passive refactor proposal,approved
2025-09-04 13:58:57,BlackStack/BlackStack/audit/build_manifest.py,N/A,Passive refactor proposal,approved
2025-09-04 13:58:58,BlackStack/BlackStack/config/route_approvals.py,N/A,Passive refactor proposal,approved
2025-09-04 13:58:59,BlackStack/BlackStack/config/snapshot_manifest.py,N/A,Passive refactor proposal,approved
2025-09-04 13:58:59,BlackStack/BlackStack/config/validate_manifest.py,N/A,Passive refactor proposal,approved
2025-09-04 13:59:00,BlackStack/BlackStack/env/dotenv/__init__.py,N/A,Passive refactor proposal,approved
2025-09-04 13:59:01,BlackStack/BlackStack/env/dotenv/__main__.py,N/A,Passive refactor proposal,approved
2025-09-04 13:59:01,BlackStack/BlackStack/env/dotenv/cli.py,N/A,Passive refactor proposal,approved
2025-09-04 13:59:02,BlackStack/BlackStack/env/dotenv/ipython.py,N/A,Passive refactor proposal,approved
2025-09-04 13:59:03,BlackStack/BlackStack/env/dotenv/main.py,N/A,Passive refactor proposal,approved
2025-09-04 13:59:03,BlackStack/BlackStack/env/dotenv/parser.py,N/A,Passive refactor proposal,approved
2025-09-04 13:59:04,BlackStack/BlackStack/env/dotenv/variables.py,N/A,Passive refactor proposal,approved
2025-09-04 13:59:04,BlackStack/BlackStack/env/dotenv/version.py,N/A,Passive refactor proposal,approved
2025-09-04 13:59:05,BlackStack/BlackStack/ingest/modules/approval_gate.py,N/A,Passive refactor proposal,approved
2025-09-04 13:59:05,BlackStack/BlackStack/ingest/modules/manifest_parser.py,N/A,Passive refactor proposal,approved
2025-09-04 13:59:06,BlackStack/BlackStack/ingest/modules/persona_router.py,N/A,Passive refactor proposal,approved
2025-09-04 13:59:06,BlackStack/BlackStack/ingest/modules/refactor_engine.py,N/A,Passive refactor proposal,approved
2025-09-04 13:59:07,BlackStack/BlackStack/ingest/modules/registry_updater.py,N/A,Passive refactor proposal,approved
2025-09-04 13:59:08,BlackStack/BlackStack/ingest/modules/snapshot_logger.py,N/A,Passive refactor proposal,approved
2025-09-04 13:59:08,BlackStack/BlackStack/ingest/persona_ingest_orchestrator.py,N/A,Passive refactor proposal,approved
2025-09-04 13:59:09,BlackStack/BlackStack/ingest/registry_ingest_daemon.py,N/A,Passive refactor proposal,approved
2025-09-04 13:59:09,BlackStack/BlackStack/ingest/registry_scanner.py,N/A,Passive refactor proposal,approved
2025-09-04 13:59:10,BlackStack/BlackStack/modules/Diagnostics/libcheck.py,N/A,Passive refactor proposal,approved
2025-09-04 13:59:10,BlackStack/BlackStack/modules/deepseek/autonomy/autonomy_gui.py,N/A,Passive refactor proposal,approved
2025-09-04 13:59:11,BlackStack/BlackStack/modules/deepseek/autonomy/deepseek_autonomy.py,N/A,Passive refactor proposal,approved
2025-09-04 13:59:11,BlackStack/BlackStack/modules/deepseek_refactor_suggest.py,N/A,Passive refactor proposal,approved
2025-09-04 13:59:13,BlackStack/BlackStack/modules/deepseek_registry_builder.py,N/A,Passive refactor proposal,approved
2025-09-04 13:59:13,BlackStack/BlackStack/modules/deepseek_scan.py,N/A,Passive refactor proposal,approved
2025-09-04 13:59:14,BlackStack/BlackStack/modules/deepseek_watchdog.py,N/A,Passive refactor proposal,approved
2025-09-04 13:59:14,BlackStack/BlackStack/modules/diagnostics/libcheck.py,N/A,Passive refactor proposal,approved
2025-09-04 13:59:16,BlackStack/BlackStack/modules/gui/main_gui.py,N/A,Passive refactor proposal,approved
2025-09-04 13:59:17,BlackStack/BlackStack/modules/voice/audio_input.py,N/A,Passive refactor proposal,approved
2025-09-04 13:59:17,BlackStack/BlackStack/modules/voice/audio_output.py,N/A,Passive refactor proposal,approved
2025-09-04 13:59:18,BlackStack/BlackStack/modules/voice/audio_shell.py,N/A,Passive refactor proposal,approved
2025-09-04 13:59:18,BlackStack/BlackStack/persona/api_handler.py,N/A,Passive refactor proposal,approved
2025-09-04 13:59:19,BlackStack/BlackStack/runtime/__init__.py,N/A,Passive refactor proposal,approved
2025-09-04 13:59:19,BlackStack/BlackStack/runtime/deepseek_cli.py,N/A,Passive refactor proposal,approved
2025-09-04 13:59:20,BlackStack/BlackStack/runtime/deepseek_core.py,N/A,Passive refactor proposal,approved
2025-09-04 13:59:20,BlackStack/BlackStack/runtime/deepseek_v2.py,N/A,Passive refactor proposal,approved
2025-09-04 13:59:21,BlackStack/BlackStack/runtime/fallback_deepseek.py,N/A,Passive refactor proposal,approved
2025-09-04 13:59:22,BlackStack/BlackStack/runtime/persona_loader.py,N/A,Passive refactor proposal,approved
2025-09-04 13:59:23,BlackStack/BlackStack/runtime/persona_variants/auditpersona_v2.py,N/A,Passive refactor proposal,approved
2025-09-04 13:59:23,BlackStack/BlackStack/runtime/persona_variants/blueteam_v2.py,N/A,Passive refactor proposal,approved
2025-09-04 13:59:24,BlackStack/BlackStack/runtime/persona_variants/redteam_v2.py,N/A,Passive refactor proposal,approved
2025-09-04 13:59:25,BlackStack/BlackStack/runtime/finalize_ai.py,N/A,Passive refactor proposal,approved
2025-09-04 14:09:54,BlackStack/BlackStack/audit/build_manifest.py,N/A,Context assimilation,observed
2025-09-04 14:09:54,BlackStack/BlackStack/config/route_approvals.py,N/A,Context assimilation,observed
2025-09-04 14:09:54,BlackStack/BlackStack/config/snapshot_manifest.py,N/A,Context assimilation,observed
2025-09-04 14:09:54,BlackStack/BlackStack/config/validate_manifest.py,N/A,Context assimilation,observed
2025-09-04 14:09:54,BlackStack/BlackStack/env/dotenv/__init__.py,N/A,Context assimilation,observed
2025-09-04 14:09:54,BlackStack/BlackStack/env/dotenv/__main__.py,N/A,Context assimilation,observed
2025-09-04 14:09:54,BlackStack/BlackStack/env/dotenv/cli.py,N/A,Context assimilation,observed
2025-09-04 14:09:54,BlackStack/BlackStack/env/dotenv/ipython.py,N/A,Context assimilation,observed
2025-09-04 14:09:54,BlackStack/BlackStack/env/dotenv/main.py,N/A,Context assimilation,observed
2025-09-04 14:09:54,BlackStack/BlackStack/env/dotenv/parser.py,N/A,Context assimilation,observed
2025-09-04 14:09:54,BlackStack/BlackStack/env/dotenv/variables.py,N/A,Context assimilation,observed
2025-09-04 14:09:54,BlackStack/BlackStack/env/dotenv/version.py,N/A,Context assimilation,observed
2025-09-04 14:09:54,BlackStack/BlackStack/ingest/modules/approval_gate.py,N/A,Context assimilation,observed
2025-09-04 14:09:54,BlackStack/BlackStack/ingest/modules/manifest_parser.py,N/A,Context assimilation,observed
2025-09-04 14:09:54,BlackStack/BlackStack/ingest/modules/persona_router.py,N/A,Context assimilation,observed
2025-09-04 14:09:54,BlackStack/BlackStack/ingest/modules/refactor_engine.py,N/A,Context assimilation,observed
2025-09-04 14:09:54,BlackStack/BlackStack/ingest/modules/registry_updater.py,N/A,Context assimilation,observed
2025-09-04 14:09:54,BlackStack/BlackStack/ingest/modules/snapshot_logger.py,N/A,Context assimilation,observed
2025-09-04 14:09:54,BlackStack/BlackStack/ingest/persona_ingest_orchestrator.py,N/A,Context assimilation,observed
2025-09-04 14:09:54,BlackStack/BlackStack/ingest/registry_ingest_daemon.py,N/A,Context assimilation,observed
2025-09-04 14:09:54,BlackStack/BlackStack/ingest/registry_scanner.py,N/A,Context assimilation,observed
2025-09-04 14:09:54,BlackStack/BlackStack/modules/Diagnostics/libcheck.py,N/A,Context assimilation,observed
2025-09-04 14:09:54,BlackStack/BlackStack/modules/deepseek/autonomy/autonomy_gui.py,N/A,Context assimilation,observed
2025-09-04 14:09:54,BlackStack/BlackStack/modules/deepseek/autonomy/deepseek_autonomy.py,N/A,Context assimilation,observed
2025-09-04 14:09:54,BlackStack/BlackStack/modules/deepseek_refactor_suggest.py,N/A,Context assimilation,observed
2025-09-04 14:09:54,BlackStack/BlackStack/modules/deepseek_registry_builder.py,N/A,Context assimilation,observed
2025-09-04 14:09:54,BlackStack/BlackStack/modules/deepseek_scan.py,N/A,Context assimilation,observed
2025-09-04 14:09:54,BlackStack/BlackStack/modules/deepseek_watchdog.py,N/A,Context assimilation,observed
2025-09-04 14:09:54,BlackStack/BlackStack/modules/diagnostics/libcheck.py,N/A,Context assimilation,observed
2025-09-04 14:09:54,BlackStack/BlackStack/modules/gui/main_gui.py,N/A,Context assimilation,observed
2025-09-04 14:09:54,BlackStack/BlackStack/modules/voice/audio_input.py,N/A,Context assimilation,observed
2025-09-04 14:09:54,BlackStack/BlackStack/modules/voice/audio_output.py,N/A,Context assimilation,observed
2025-09-04 14:09:54,BlackStack/BlackStack/modules/voice/audio_shell.py,N/A,Context assimilation,observed
2025-09-04 14:09:54,BlackStack/BlackStack/persona/api_handler.py,N/A,Context assimilation,observed
2025-09-04 14:09:54,BlackStack/BlackStack/runtime/__init__.py,N/A,Context assimilation,observed
2025-09-04 14:09:54,BlackStack/BlackStack/runtime/deepseek_cli.py,N/A,Context assimilation,observed
2025-09-04 14:09:54,BlackStack/BlackStack/runtime/deepseek_core.py,N/A,Context assimilation,observed
2025-09-04 14:09:54,BlackStack/BlackStack/runtime/deepseek_v2.py,N/A,Context assimilation,observed
2025-09-04 14:09:54,BlackStack/BlackStack/runtime/fallback_deepseek.py,N/A,Context assimilation,observed
2025-09-04 14:09:54,BlackStack/BlackStack/runtime/persona_loader.py,N/A,Context assimilation,observed
2025-09-04 14:09:54,BlackStack/BlackStack/runtime/persona_variants/auditpersona_v2.py,N/A,Context assimilation,observed
2025-09-04 14:09:54,BlackStack/BlackStack/runtime/persona_variants/blueteam_v2.py,N/A,Context assimilation,observed
2025-09-04 14:09:54,BlackStack/BlackStack/runtime/persona_variants/redteam_v2.py,N/A,Context assimilation,observed
2025-09-04 14:09:54,BlackStack/BlackStack/runtime/finalize_ai.py,N/A,Context assimilation,observed
2025-09-04 14:09:55,BlackStack/BlackStack/audit/build_manifest.py,N/A,Passive refactor proposal,approved
2025-09-04 14:09:55,BlackStack/BlackStack/config/route_approvals.py,N/A,Passive refactor proposal,approved
2025-09-04 14:09:55,BlackStack/BlackStack/config/snapshot_manifest.py,N/A,Passive refactor proposal,approved
2025-09-04 14:09:55,BlackStack/BlackStack/config/validate_manifest.py,N/A,Passive refactor proposal,approved
2025-09-04 14:09:55,BlackStack/BlackStack/env/dotenv/__init__.py,N/A,Passive refactor proposal,approved
2025-09-04 14:09:55,BlackStack/BlackStack/env/dotenv/__main__.py,N/A,Passive refactor proposal,approved
2025-09-04 14:09:55,BlackStack/BlackStack/env/dotenv/cli.py,N/A,Passive refactor proposal,approved
2025-09-04 14:09:55,BlackStack/BlackStack/env/dotenv/ipython.py,N/A,Passive refactor proposal,approved
2025-09-04 14:09:55,BlackStack/BlackStack/env/dotenv/main.py,N/A,Passive refactor proposal,approved
2025-09-04 14:09:55,BlackStack/BlackStack/env/dotenv/parser.py,N/A,Passive refactor proposal,approved
2025-09-04 14:09:55,BlackStack/BlackStack/env/dotenv/variables.py,N/A,Passive refactor proposal,approved
2025-09-04 14:09:55,BlackStack/BlackStack/env/dotenv/version.py,N/A,Passive refactor proposal,approved
2025-09-04 14:09:55,BlackStack/BlackStack/ingest/modules/approval_gate.py,N/A,Passive refactor proposal,approved
2025-09-04 14:09:55,BlackStack/BlackStack/ingest/modules/manifest_parser.py,N/A,Passive refactor proposal,approved
2025-09-04 14:09:55,BlackStack/BlackStack/ingest/modules/persona_router.py,N/A,Passive refactor proposal,approved
2025-09-04 14:09:55,BlackStack/BlackStack/ingest/modules/refactor_engine.py,N/A,Passive refactor proposal,approved
2025-09-04 14:09:55,BlackStack/BlackStack/ingest/modules/registry_updater.py,N/A,Passive refactor proposal,approved
2025-09-04 14:09:55,BlackStack/BlackStack/ingest/modules/snapshot_logger.py,N/A,Passive refactor proposal,approved
2025-09-04 14:09:55,BlackStack/BlackStack/ingest/persona_ingest_orchestrator.py,N/A,Passive refactor proposal,approved
2025-09-04 14:09:55,BlackStack/BlackStack/ingest/registry_ingest_daemon.py,N/A,Passive refactor proposal,approved
2025-09-04 14:09:55,BlackStack/BlackStack/ingest/registry_scanner.py,N/A,Passive refactor proposal,approved
2025-09-04 14:09:55,BlackStack/BlackStack/modules/Diagnostics/libcheck.py,N/A,Passive refactor proposal,approved
2025-09-04 14:09:55,BlackStack/BlackStack/modules/deepseek/autonomy/autonomy_gui.py,N/A,Passive refactor proposal,approved
2025-09-04 14:09:55,BlackStack/BlackStack/modules/deepseek/autonomy/deepseek_autonomy.py,N/A,Passive refactor proposal,approved
2025-09-04 14:09:55,BlackStack/BlackStack/modules/deepseek_refactor_suggest.py,N/A,Passive refactor proposal,approved
2025-09-04 14:09:55,BlackStack/BlackStack/modules/deepseek_registry_builder.py,N/A,Passive refactor proposal,approved
2025-09-04 14:09:55,BlackStack/BlackStack/modules/deepseek_scan.py,N/A,Passive refactor proposal,approved
2025-09-04 14:09:55,BlackStack/BlackStack/modules/deepseek_watchdog.py,N/A,Passive refactor proposal,approved
2025-09-04 14:09:55,BlackStack/BlackStack/modules/diagnostics/libcheck.py,N/A,Passive refactor proposal,approved
2025-09-04 14:09:55,BlackStack/BlackStack/modules/gui/main_gui.py,N/A,Passive refactor proposal,approved
2025-09-04 14:09:55,BlackStack/BlackStack/modules/voice/audio_input.py,N/A,Passive refactor proposal,approved
2025-09-04 14:09:55,BlackStack/BlackStack/modules/voice/audio_output.py,N/A,Passive refactor proposal,approved
2025-09-04 14:09:55,BlackStack/BlackStack/modules/voice/audio_shell.py,N/A,Passive refactor proposal,approved
2025-09-04 14:09:55,BlackStack/BlackStack/persona/api_handler.py,N/A,Passive refactor proposal,approved
2025-09-04 14:09:55,BlackStack/BlackStack/runtime/__init__.py,N/A,Passive refactor proposal,approved
2025-09-04 14:09:55,BlackStack/BlackStack/runtime/deepseek_cli.py,N/A,Passive refactor proposal,approved
2025-09-04 14:09:55,BlackStack/BlackStack/runtime/deepseek_core.py,N/A,Passive refactor proposal,approved
2025-09-04 14:09:55,BlackStack/BlackStack/runtime/deepseek_v2.py,N/A,Passive refactor proposal,approved
2025-09-04 14:09:55,BlackStack/BlackStack/runtime/fallback_deepseek.py,N/A,Passive refactor proposal,approved
2025-09-04 14:09:55,BlackStack/BlackStack/runtime/persona_loader.py,N/A,Passive refactor proposal,approved
2025-09-04 14:09:55,BlackStack/BlackStack/runtime/persona_variants/auditpersona_v2.py,N/A,Passive refactor proposal,approved
2025-09-04 14:09:55,BlackStack/BlackStack/runtime/persona_variants/blueteam_v2.py,N/A,Passive refactor proposal,approved
2025-09-04 14:09:55,BlackStack/BlackStack/runtime/persona_variants/redteam_v2.py,N/A,Passive refactor proposal,approved
2025-09-04 14:09:55,BlackStack/BlackStack/runtime/finalize_ai.py,N/A,Passive refactor proposal,approved
2025-09-04 14:09:55,BlackStack/BlackStack/audit/build_manifest.py,N/A,Passive refactor proposal,approved
2025-09-04 14:09:55,BlackStack/BlackStack/config/route_approvals.py,N/A,Passive refactor proposal,approved
2025-09-04 14:09:55,BlackStack/BlackStack/config/snapshot_manifest.py,N/A,Passive refactor proposal,approved
2025-09-04 14:09:55,BlackStack/BlackStack/config/validate_manifest.py,N/A,Passive refactor proposal,approved
2025-09-04 14:09:55,BlackStack/BlackStack/env/dotenv/__init__.py,N/A,Passive refactor proposal,approved
2025-09-04 14:09:55,BlackStack/BlackStack/env/dotenv/__main__.py,N/A,Passive refactor proposal,approved
2025-09-04 14:09:55,BlackStack/BlackStack/env/dotenv/cli.py,N/A,Passive refactor proposal,approved
2025-09-04 14:09:55,BlackStack/BlackStack/env/dotenv/ipython.py,N/A,Passive refactor proposal,approved
2025-09-04 14:09:55,BlackStack/BlackStack/env/dotenv/main.py,N/A,Passive refactor proposal,approved
2025-09-04 14:09:55,BlackStack/BlackStack/env/dotenv/parser.py,N/A,Passive refactor proposal,approved
2025-09-04 14:09:55,BlackStack/BlackStack/env/dotenv/variables.py,N/A,Passive refactor proposal,approved
2025-09-04 14:09:55,BlackStack/BlackStack/env/dotenv/version.py,N/A,Passive refactor proposal,approved
2025-09-04 14:09:55,BlackStack/BlackStack/ingest/modules/approval_gate.py,N/A,Passive refactor proposal,approved
2025-09-04 14:09:55,BlackStack/BlackStack/ingest/modules/manifest_parser.py,N/A,Passive refactor proposal,approved
2025-09-04 14:09:55,BlackStack/BlackStack/ingest/modules/persona_router.py,N/A,Passive refactor proposal,approved
2025-09-04 14:09:55,BlackStack/BlackStack/ingest/modules/refactor_engine.py,N/A,Passive refactor proposal,approved
2025-09-04 14:09:55,BlackStack/BlackStack/ingest/modules/registry_updater.py,N/A,Passive refactor proposal,approved
2025-09-04 14:09:55,BlackStack/BlackStack/ingest/modules/snapshot_logger.py,N/A,Passive refactor proposal,approved
2025-09-04 14:09:55,BlackStack/BlackStack/ingest/persona_ingest_orchestrator.py,N/A,Passive refactor proposal,approved
2025-09-04 14:09:55,BlackStack/BlackStack/ingest/registry_ingest_daemon.py,N/A,Passive refactor proposal,approved
2025-09-04 14:09:55,BlackStack/BlackStack/ingest/registry_scanner.py,N/A,Passive refactor proposal,approved
2025-09-04 14:09:55,BlackStack/BlackStack/modules/Diagnostics/libcheck.py,N/A,Passive refactor proposal,approved
2025-09-04 14:09:55,BlackStack/BlackStack/modules/deepseek/autonomy/autonomy_gui.py,N/A,Passive refactor proposal,approved
2025-09-04 14:09:55,BlackStack/BlackStack/modules/deepseek/autonomy/deepseek_autonomy.py,N/A,Passive refactor proposal,approved
2025-09-04 14:09:55,BlackStack/BlackStack/modules/deepseek_refactor_suggest.py,N/A,Passive refactor proposal,approved
2025-09-04 14:09:55,BlackStack/BlackStack/modules/deepseek_registry_builder.py,N/A,Passive refactor proposal,approved
2025-09-04 14:09:55,BlackStack/BlackStack/modules/deepseek_scan.py,N/A,Passive refactor proposal,approved
2025-09-04 14:09:55,BlackStack/BlackStack/modules/deepseek_watchdog.py,N/A,Passive refactor proposal,approved
2025-09-04 14:09:55,BlackStack/BlackStack/modules/diagnostics/libcheck.py,N/A,Passive refactor proposal,approved
2025-09-04 14:09:55,BlackStack/BlackStack/modules/gui/main_gui.py,N/A,Passive refactor proposal,approved
2025-09-04 14:09:55,BlackStack/BlackStack/modules/voice/audio_input.py,N/A,Passive refactor proposal,approved
2025-09-04 14:09:55,BlackStack/BlackStack/modules/voice/audio_output.py,N/A,Passive refactor proposal,approved
2025-09-04 14:09:55,BlackStack/BlackStack/modules/voice/audio_shell.py,N/A,Passive refactor proposal,approved
2025-09-04 14:09:55,BlackStack/BlackStack/persona/api_handler.py,N/A,Passive refactor proposal,approved
2025-09-04 14:09:55,BlackStack/BlackStack/runtime/__init__.py,N/A,Passive refactor proposal,approved
2025-09-04 14:09:55,BlackStack/BlackStack/runtime/deepseek_cli.py,N/A,Passive refactor proposal,approved
2025-09-04 14:09:55,BlackStack/BlackStack/runtime/deepseek_core.py,N/A,Passive refactor proposal,approved
2025-09-04 14:09:55,BlackStack/BlackStack/runtime/deepseek_v2.py,N/A,Passive refactor proposal,approved
2025-09-04 14:09:55,BlackStack/BlackStack/runtime/fallback_deepseek.py,N/A,Passive refactor proposal,approved
2025-09-04 14:09:55,BlackStack/BlackStack/runtime/persona_loader.py,N/A,Passive refactor proposal,approved
2025-09-04 14:09:55,BlackStack/BlackStack/runtime/persona_variants/auditpersona_v2.py,N/A,Passive refactor proposal,approved
2025-09-04 14:09:55,BlackStack/BlackStack/runtime/persona_variants/blueteam_v2.py,N/A,Passive refactor proposal,approved
2025-09-04 14:09:55,BlackStack/BlackStack/runtime/persona_variants/redteam_v2.py,N/A,Passive refactor proposal,approved
2025-09-04 14:09:55,BlackStack/BlackStack/runtime/finalize_ai.py,N/A,Passive refactor proposal,approved
2025-09-04 14:09:55,BlackStack/BlackStack/audit/build_manifest.py,N/A,Passive refactor proposal,approved
2025-09-04 14:09:55,BlackStack/BlackStack/config/route_approvals.py,N/A,Passive refactor proposal,approved
2025-09-04 14:09:55,BlackStack/BlackStack/config/snapshot_manifest.py,N/A,Passive refactor proposal,approved
2025-09-04 14:09:55,BlackStack/BlackStack/config/validate_manifest.py,N/A,Passive refactor proposal,approved
2025-09-04 14:09:55,BlackStack/BlackStack/env/dotenv/__init__.py,N/A,Passive refactor proposal,approved
2025-09-04 14:09:55,BlackStack/BlackStack/env/dotenv/__main__.py,N/A,Passive refactor proposal,approved
2025-09-04 14:09:55,BlackStack/BlackStack/env/dotenv/cli.py,N/A,Passive refactor proposal,approved
2025-09-04 14:09:55,BlackStack/BlackStack/env/dotenv/ipython.py,N/A,Passive refactor proposal,approved
2025-09-04 14:09:55,BlackStack/BlackStack/env/dotenv/main.py,N/A,Passive refactor proposal,approved
2025-09-04 14:09:55,BlackStack/BlackStack/env/dotenv/parser.py,N/A,Passive refactor proposal,approved
2025-09-04 14:09:55,BlackStack/BlackStack/env/dotenv/variables.py,N/A,Passive refactor proposal,approved
2025-09-04 14:09:55,BlackStack/BlackStack/env/dotenv/version.py,N/A,Passive refactor proposal,approved
2025-09-04 14:09:55,BlackStack/BlackStack/ingest/modules/approval_gate.py,N/A,Passive refactor proposal,approved
2025-09-04 14:09:55,BlackStack/BlackStack/ingest/modules/manifest_parser.py,N/A,Passive refactor proposal,approved
2025-09-04 14:09:55,BlackStack/BlackStack/ingest/modules/persona_router.py,N/A,Passive refactor proposal,approved
2025-09-04 14:09:55,BlackStack/BlackStack/ingest/modules/refactor_engine.py,N/A,Passive refactor proposal,approved
2025-09-04 14:09:55,BlackStack/BlackStack/ingest/modules/registry_updater.py,N/A,Passive refactor proposal,approved
2025-09-04 14:09:55,BlackStack/BlackStack/ingest/modules/snapshot_logger.py,N/A,Passive refactor proposal,approved
2025-09-04 14:09:55,BlackStack/BlackStack/ingest/persona_ingest_orchestrator.py,N/A,Passive refactor proposal,approved
2025-09-04 14:09:55,BlackStack/BlackStack/ingest/registry_ingest_daemon.py,N/A,Passive refactor proposal,approved
2025-09-04 14:09:55,BlackStack/BlackStack/ingest/registry_scanner.py,N/A,Passive refactor proposal,approved
2025-09-04 14:09:55,BlackStack/BlackStack/modules/Diagnostics/libcheck.py,N/A,Passive refactor proposal,approved
2025-09-04 14:09:55,BlackStack/BlackStack/modules/deepseek/autonomy/autonomy_gui.py,N/A,Passive refactor proposal,approved
2025-09-04 14:09:55,BlackStack/BlackStack/modules/deepseek/autonomy/deepseek_autonomy.py,N/A,Passive refactor proposal,approved
2025-09-04 14:09:55,BlackStack/BlackStack/modules/deepseek_refactor_suggest.py,N/A,Passive refactor proposal,approved
2025-09-04 14:09:55,BlackStack/BlackStack/modules/deepseek_registry_builder.py,N/A,Passive refactor proposal,approved
2025-09-04 14:09:55,BlackStack/BlackStack/modules/deepseek_scan.py,N/A,Passive refactor proposal,approved
2025-09-04 14:09:55,BlackStack/BlackStack/modules/deepseek_watchdog.py,N/A,Passive refactor proposal,approved
2025-09-04 14:09:55,BlackStack/BlackStack/modules/diagnostics/libcheck.py,N/A,Passive refactor proposal,approved
2025-09-04 14:09:55,BlackStack/BlackStack/modules/gui/main_gui.py,N/A,Passive refactor proposal,approved
2025-09-04 14:09:55,BlackStack/BlackStack/modules/voice/audio_input.py,N/A,Passive refactor proposal,approved
2025-09-04 14:09:55,BlackStack/BlackStack/modules/voice/audio_output.py,N/A,Passive refactor proposal,approved
2025-09-04 14:09:55,BlackStack/BlackStack/modules/voice/audio_shell.py,N/A,Passive refactor proposal,approved
2025-09-04 14:09:55,BlackStack/BlackStack/persona/api_handler.py,N/A,Passive refactor proposal,approved
2025-09-04 14:09:55,BlackStack/BlackStack/runtime/__init__.py,N/A,Passive refactor proposal,approved
2025-09-04 14:09:55,BlackStack/BlackStack/runtime/deepseek_cli.py,N/A,Passive refactor proposal,approved
2025-09-04 14:09:55,BlackStack/BlackStack/runtime/deepseek_core.py,N/A,Passive refactor proposal,approved
2025-09-04 14:09:55,BlackStack/BlackStack/runtime/deepseek_v2.py,N/A,Passive refactor proposal,approved
2025-09-04 14:09:55,BlackStack/BlackStack/runtime/fallback_deepseek.py,N/A,Passive refactor proposal,approved
2025-09-04 14:09:55,BlackStack/BlackStack/runtime/persona_loader.py,N/A,Passive refactor proposal,approved
2025-09-04 14:09:55,BlackStack/BlackStack/runtime/persona_variants/auditpersona_v2.py,N/A,Passive refactor proposal,approved
2025-09-04 14:09:55,BlackStack/BlackStack/runtime/persona_variants/blueteam_v2.py,N/A,Passive refactor proposal,approved
2025-09-04 14:09:55,BlackStack/BlackStack/runtime/persona_variants/redteam_v2.py,N/A,Passive refactor proposal,approved
2025-09-04 14:09:55,BlackStack/BlackStack/runtime/finalize_ai.py,N/A,Passive refactor proposal,approved
2025-09-04 14:09:55,BlackStack/BlackStack/audit/build_manifest.py,N/A,Passive refactor proposal,approved
2025-09-04 14:09:55,BlackStack/BlackStack/config/route_approvals.py,N/A,Passive refactor proposal,approved
2025-09-04 14:09:55,BlackStack/BlackStack/config/snapshot_manifest.py,N/A,Passive refactor proposal,approved
2025-09-04 14:09:55,BlackStack/BlackStack/config/validate_manifest.py,N/A,Passive refactor proposal,approved
2025-09-04 14:09:55,BlackStack/BlackStack/env/dotenv/__init__.py,N/A,Passive refactor proposal,approved
2025-09-04 14:09:55,BlackStack/BlackStack/env/dotenv/__main__.py,N/A,Passive refactor proposal,approved
2025-09-04 14:09:55,BlackStack/BlackStack/env/dotenv/cli.py,N/A,Passive refactor proposal,approved
2025-09-04 14:09:55,BlackStack/BlackStack/env/dotenv/ipython.py,N/A,Passive refactor proposal,approved
2025-09-04 14:09:55,BlackStack/BlackStack/env/dotenv/main.py,N/A,Passive refactor proposal,approved
2025-09-04 14:09:55,BlackStack/BlackStack/env/dotenv/parser.py,N/A,Passive refactor proposal,approved
2025-09-04 14:09:55,BlackStack/BlackStack/env/dotenv/variables.py,N/A,Passive refactor proposal,approved
2025-09-04 14:09:55,BlackStack/BlackStack/env/dotenv/version.py,N/A,Passive refactor proposal,approved
2025-09-04 14:09:55,BlackStack/BlackStack/ingest/modules/approval_gate.py,N/A,Passive refactor proposal,approved
2025-09-04 14:09:55,BlackStack/BlackStack/ingest/modules/manifest_parser.py,N/A,Passive refactor proposal,approved
2025-09-04 14:09:55,BlackStack/BlackStack/ingest/modules/persona_router.py,N/A,Passive refactor proposal,approved
2025-09-04 14:09:55,BlackStack/BlackStack/ingest/modules/refactor_engine.py,N/A,Passive refactor proposal,approved
2025-09-04 14:09:55,BlackStack/BlackStack/ingest/modules/registry_updater.py,N/A,Passive refactor proposal,approved
2025-09-04 14:09:55,BlackStack/BlackStack/ingest/modules/snapshot_logger.py,N/A,Passive refactor proposal,approved
2025-09-04 14:09:55,BlackStack/BlackStack/ingest/persona_ingest_orchestrator.py,N/A,Passive refactor proposal,approved
2025-09-04 14:09:55,BlackStack/BlackStack/ingest/registry_ingest_daemon.py,N/A,Passive refactor proposal,approved
2025-09-04 14:09:55,BlackStack/BlackStack/ingest/registry_scanner.py,N/A,Passive refactor proposal,approved
2025-09-04 14:09:55,BlackStack/BlackStack/modules/Diagnostics/libcheck.py,N/A,Passive refactor proposal,approved
2025-09-04 14:09:55,BlackStack/BlackStack/modules/deepseek/autonomy/autonomy_gui.py,N/A,Passive refactor proposal,approved
2025-09-04 14:09:55,BlackStack/BlackStack/modules/deepseek/autonomy/deepseek_autonomy.py,N/A,Passive refactor proposal,approved
2025-09-04 14:09:55,BlackStack/BlackStack/modules/deepseek_refactor_suggest.py,N/A,Passive refactor proposal,approved
2025-09-04 14:09:55,BlackStack/BlackStack/modules/deepseek_registry_builder.py,N/A,Passive refactor proposal,approved
2025-09-04 14:09:55,BlackStack/BlackStack/modules/deepseek_scan.py,N/A,Passive refactor proposal,approved
2025-09-04 14:09:55,BlackStack/BlackStack/modules/deepseek_watchdog.py,N/A,Passive refactor proposal,approved
2025-09-04 14:09:55,BlackStack/BlackStack/modules/diagnostics/libcheck.py,N/A,Passive refactor proposal,approved
2025-09-04 14:09:55,BlackStack/BlackStack/modules/gui/main_gui.py,N/A,Passive refactor proposal,approved
2025-09-04 14:09:55,BlackStack/BlackStack/modules/voice/audio_input.py,N/A,Passive refactor proposal,approved
2025-09-04 14:09:55,BlackStack/BlackStack/modules/voice/audio_output.py,N/A,Passive refactor proposal,approved
2025-09-04 14:09:55,BlackStack/BlackStack/modules/voice/audio_shell.py,N/A,Passive refactor proposal,approved
2025-09-04 14:09:55,BlackStack/BlackStack/persona/api_handler.py,N/A,Passive refactor proposal,approved
2025-09-04 14:09:55,BlackStack/BlackStack/runtime/__init__.py,N/A,Passive refactor proposal,approved
2025-09-04 14:09:55,BlackStack/BlackStack/runtime/deepseek_cli.py,N/A,Passive refactor proposal,approved
2025-09-04 14:09:55,BlackStack/BlackStack/runtime/deepseek_core.py,N/A,Passive refactor proposal,approved
2025-09-04 14:09:55,BlackStack/BlackStack/runtime/deepseek_v2.py,N/A,Passive refactor proposal,approved
2025-09-04 14:09:55,BlackStack/BlackStack/runtime/fallback_deepseek.py,N/A,Passive refactor proposal,approved
2025-09-04 14:09:55,BlackStack/BlackStack/runtime/persona_loader.py,N/A,Passive refactor proposal,approved
2025-09-04 14:09:55,BlackStack/BlackStack/runtime/persona_variants/auditpersona_v2.py,N/A,Passive refactor proposal,approved
2025-09-04 14:09:55,BlackStack/BlackStack/runtime/persona_variants/blueteam_v2.py,N/A,Passive refactor proposal,approved
2025-09-04 14:09:55,BlackStack/BlackStack/runtime/persona_variants/redteam_v2.py,N/A,Passive refactor proposal,approved
2025-09-04 14:09:55,BlackStack/BlackStack/runtime/finalize_ai.py,N/A,Passive refactor proposal,approved
2025-09-04 14:20:45,BlackStack/BlackStack/audit/build_manifest.py,N/A,Passive refactor proposal,approved
2025-09-04 14:20:45,BlackStack/BlackStack/config/route_approvals.py,N/A,Passive refactor proposal,approved
2025-09-04 14:20:45,BlackStack/BlackStack/config/snapshot_manifest.py,N/A,Passive refactor proposal,approved
2025-09-04 14:20:45,BlackStack/BlackStack/config/validate_manifest.py,N/A,Passive refactor proposal,approved
2025-09-04 14:20:45,BlackStack/BlackStack/env/dotenv/__init__.py,N/A,Passive refactor proposal,approved
2025-09-04 14:20:45,BlackStack/BlackStack/env/dotenv/__main__.py,N/A,Passive refactor proposal,approved
2025-09-04 14:20:45,BlackStack/BlackStack/env/dotenv/cli.py,N/A,Passive refactor proposal,approved
2025-09-04 14:20:45,BlackStack/BlackStack/env/dotenv/ipython.py,N/A,Passive refactor proposal,approved
2025-09-04 14:20:45,BlackStack/BlackStack/env/dotenv/main.py,N/A,Passive refactor proposal,approved
2025-09-04 14:20:45,BlackStack/BlackStack/env/dotenv/parser.py,N/A,Passive refactor proposal,approved
2025-09-04 14:20:45,BlackStack/BlackStack/env/dotenv/variables.py,N/A,Passive refactor proposal,approved
2025-09-04 14:20:45,BlackStack/BlackStack/env/dotenv/version.py,N/A,Passive refactor proposal,approved
2025-09-04 14:20:45,BlackStack/BlackStack/ingest/modules/approval_gate.py,N/A,Passive refactor proposal,approved
2025-09-04 14:20:45,BlackStack/BlackStack/ingest/modules/manifest_parser.py,N/A,Passive refactor proposal,approved
2025-09-04 14:20:45,BlackStack/BlackStack/ingest/modules/persona_router.py,N/A,Passive refactor proposal,approved
2025-09-04 14:20:45,BlackStack/BlackStack/ingest/modules/refactor_engine.py,N/A,Passive refactor proposal,approved
2025-09-04 14:20:45,BlackStack/BlackStack/ingest/modules/registry_updater.py,N/A,Passive refactor proposal,approved
2025-09-04 14:20:45,BlackStack/BlackStack/ingest/modules/snapshot_logger.py,N/A,Passive refactor proposal,approved
2025-09-04 14:20:45,BlackStack/BlackStack/ingest/persona_ingest_orchestrator.py,N/A,Passive refactor proposal,approved
2025-09-04 14:20:45,BlackStack/BlackStack/ingest/registry_ingest_daemon.py,N/A,Passive refactor proposal,approved
2025-09-04 14:20:45,BlackStack/BlackStack/ingest/registry_scanner.py,N/A,Passive refactor proposal,approved
2025-09-04 14:20:45,BlackStack/BlackStack/modules/Diagnostics/libcheck.py,N/A,Passive refactor proposal,approved
2025-09-04 14:20:45,BlackStack/BlackStack/modules/deepseek/autonomy/autonomy_gui.py,N/A,Passive refactor proposal,approved
2025-09-04 14:20:45,BlackStack/BlackStack/modules/deepseek/autonomy/deepseek_autonomy.py,N/A,Passive refactor proposal,approved
2025-09-04 14:20:45,BlackStack/BlackStack/modules/deepseek_refactor_suggest.py,N/A,Passive refactor proposal,approved
2025-09-04 14:20:45,BlackStack/BlackStack/modules/deepseek_registry_builder.py,N/A,Passive refactor proposal,approved
2025-09-04 14:20:45,BlackStack/BlackStack/modules/deepseek_scan.py,N/A,Passive refactor proposal,approved
2025-09-04 14:20:45,BlackStack/BlackStack/modules/deepseek_watchdog.py,N/A,Passive refactor proposal,approved
2025-09-04 14:20:45,BlackStack/BlackStack/modules/diagnostics/libcheck.py,N/A,Passive refactor proposal,approved
2025-09-04 14:20:45,BlackStack/BlackStack/modules/gui/main_gui.py,N/A,Passive refactor proposal,approved
2025-09-04 14:20:45,BlackStack/BlackStack/modules/voice/audio_input.py,N/A,Passive refactor proposal,approved
2025-09-04 14:20:45,BlackStack/BlackStack/modules/voice/audio_output.py,N/A,Passive refactor proposal,approved
2025-09-04 14:20:45,BlackStack/BlackStack/modules/voice/audio_shell.py,N/A,Passive refactor proposal,approved
2025-09-04 14:20:45,BlackStack/BlackStack/persona/api_handler.py,N/A,Passive refactor proposal,approved
2025-09-04 14:20:45,BlackStack/BlackStack/runtime/__init__.py,N/A,Passive refactor proposal,approved
2025-09-04 14:20:45,BlackStack/BlackStack/runtime/deepseek_cli.py,N/A,Passive refactor proposal,approved
2025-09-04 14:20:45,BlackStack/BlackStack/runtime/deepseek_core.py,N/A,Passive refactor proposal,approved
2025-09-04 14:20:45,BlackStack/BlackStack/runtime/deepseek_v2.py,N/A,Passive refactor proposal,approved
2025-09-04 14:20:45,BlackStack/BlackStack/runtime/fallback_deepseek.py,N/A,Passive refactor proposal,approved
2025-09-04 14:20:45,BlackStack/BlackStack/runtime/persona_loader.py,N/A,Passive refactor proposal,approved
2025-09-04 14:20:45,BlackStack/BlackStack/runtime/persona_variants/auditpersona_v2.py,N/A,Passive refactor proposal,approved
2025-09-04 14:20:45,BlackStack/BlackStack/runtime/persona_variants/blueteam_v2.py,N/A,Passive refactor proposal,approved
2025-09-04 14:20:45,BlackStack/BlackStack/runtime/persona_variants/redteam_v2.py,N/A,Passive refactor proposal,approved
2025-09-04 14:20:45,BlackStack/BlackStack/runtime/finalize_ai.py,N/A,Passive refactor proposal,approved
2025-09-04 14:20:45,BlackStack/BlackStack/audit/build_manifest.py,N/A,Passive refactor proposal,approved
2025-09-04 14:20:45,BlackStack/BlackStack/config/route_approvals.py,N/A,Passive refactor proposal,approved
2025-09-04 14:20:45,BlackStack/BlackStack/config/snapshot_manifest.py,N/A,Passive refactor proposal,approved
2025-09-04 14:20:45,BlackStack/BlackStack/config/validate_manifest.py,N/A,Passive refactor proposal,approved
2025-09-04 14:20:45,BlackStack/BlackStack/env/dotenv/__init__.py,N/A,Passive refactor proposal,approved
2025-09-04 14:20:45,BlackStack/BlackStack/env/dotenv/__main__.py,N/A,Passive refactor proposal,approved
2025-09-04 14:20:45,BlackStack/BlackStack/env/dotenv/cli.py,N/A,Passive refactor proposal,approved
2025-09-04 14:20:45,BlackStack/BlackStack/env/dotenv/ipython.py,N/A,Passive refactor proposal,approved
2025-09-04 14:20:45,BlackStack/BlackStack/env/dotenv/main.py,N/A,Passive refactor proposal,approved
2025-09-04 14:20:45,BlackStack/BlackStack/env/dotenv/parser.py,N/A,Passive refactor proposal,approved
2025-09-04 14:20:45,BlackStack/BlackStack/env/dotenv/variables.py,N/A,Passive refactor proposal,approved
2025-09-04 14:20:45,BlackStack/BlackStack/env/dotenv/version.py,N/A,Passive refactor proposal,approved
2025-09-04 14:20:45,BlackStack/BlackStack/ingest/modules/approval_gate.py,N/A,Passive refactor proposal,approved
2025-09-04 14:20:45,BlackStack/BlackStack/ingest/modules/manifest_parser.py,N/A,Passive refactor proposal,approved
2025-09-04 14:20:45,BlackStack/BlackStack/ingest/modules/persona_router.py,N/A,Passive refactor proposal,approved
2025-09-04 14:20:45,BlackStack/BlackStack/ingest/modules/refactor_engine.py,N/A,Passive refactor proposal,approved
2025-09-04 14:20:45,BlackStack/BlackStack/ingest/modules/registry_updater.py,N/A,Passive refactor proposal,approved
2025-09-04 14:20:45,BlackStack/BlackStack/ingest/modules/snapshot_logger.py,N/A,Passive refactor proposal,approved
2025-09-04 14:20:45,BlackStack/BlackStack/ingest/persona_ingest_orchestrator.py,N/A,Passive refactor proposal,approved
2025-09-04 14:20:45,BlackStack/BlackStack/ingest/registry_ingest_daemon.py,N/A,Passive refactor proposal,approved
2025-09-04 14:20:45,BlackStack/BlackStack/ingest/registry_scanner.py,N/A,Passive refactor proposal,approved
2025-09-04 14:20:45,BlackStack/BlackStack/modules/Diagnostics/libcheck.py,N/A,Passive refactor proposal,approved
2025-09-04 14:20:45,BlackStack/BlackStack/modules/deepseek/autonomy/autonomy_gui.py,N/A,Passive refactor proposal,approved
2025-09-04 14:20:45,BlackStack/BlackStack/modules/deepseek/autonomy/deepseek_autonomy.py,N/A,Passive refactor proposal,approved
2025-09-04 14:20:45,BlackStack/BlackStack/modules/deepseek_refactor_suggest.py,N/A,Passive refactor proposal,approved
2025-09-04 14:20:45,BlackStack/BlackStack/modules/deepseek_registry_builder.py,N/A,Passive refactor proposal,approved
2025-09-04 14:20:45,BlackStack/BlackStack/modules/deepseek_scan.py,N/A,Passive refactor proposal,approved
2025-09-04 14:20:45,BlackStack/BlackStack/modules/deepseek_watchdog.py,N/A,Passive refactor proposal,approved
2025-09-04 14:20:45,BlackStack/BlackStack/modules/diagnostics/libcheck.py,N/A,Passive refactor proposal,approved
2025-09-04 14:20:45,BlackStack/BlackStack/modules/gui/main_gui.py,N/A,Passive refactor proposal,approved
2025-09-04 14:20:45,BlackStack/BlackStack/modules/voice/audio_input.py,N/A,Passive refactor proposal,approved
2025-09-04 14:20:45,BlackStack/BlackStack/modules/voice/audio_output.py,N/A,Passive refactor proposal,approved
2025-09-04 14:20:45,BlackStack/BlackStack/modules/voice/audio_shell.py,N/A,Passive refactor proposal,approved
2025-09-04 14:20:45,BlackStack/BlackStack/persona/api_handler.py,N/A,Passive refactor proposal,approved
2025-09-04 14:20:45,BlackStack/BlackStack/runtime/__init__.py,N/A,Passive refactor proposal,approved
2025-09-04 14:20:45,BlackStack/BlackStack/runtime/deepseek_cli.py,N/A,Passive refactor proposal,approved
2025-09-04 14:20:45,BlackStack/BlackStack/runtime/deepseek_core.py,N/A,Passive refactor proposal,approved
2025-09-04 14:20:45,BlackStack/BlackStack/runtime/deepseek_v2.py,N/A,Passive refactor proposal,approved
2025-09-04 14:20:45,BlackStack/BlackStack/runtime/fallback_deepseek.py,N/A,Passive refactor proposal,approved
2025-09-04 14:20:45,BlackStack/BlackStack/runtime/persona_loader.py,N/A,Passive refactor proposal,approved
2025-09-04 14:20:45,BlackStack/BlackStack/runtime/persona_variants/auditpersona_v2.py,N/A,Passive refactor proposal,approved
2025-09-04 14:20:45,BlackStack/BlackStack/runtime/persona_variants/blueteam_v2.py,N/A,Passive refactor proposal,approved
2025-09-04 14:20:45,BlackStack/BlackStack/runtime/persona_variants/redteam_v2.py,N/A,Passive refactor proposal,approved
2025-09-04 14:20:45,BlackStack/BlackStack/runtime/finalize_ai.py,N/A,Passive refactor proposal,approved
2025-09-04 14:20:45,BlackStack/BlackStack/audit/build_manifest.py,N/A,Passive refactor proposal,approved
2025-09-04 14:20:45,BlackStack/BlackStack/config/route_approvals.py,N/A,Passive refactor proposal,approved
2025-09-04 14:20:45,BlackStack/BlackStack/config/snapshot_manifest.py,N/A,Passive refactor proposal,approved
2025-09-04 14:20:45,BlackStack/BlackStack/config/validate_manifest.py,N/A,Passive refactor proposal,approved
2025-09-04 14:20:45,BlackStack/BlackStack/env/dotenv/__init__.py,N/A,Passive refactor proposal,approved
2025-09-04 14:20:45,BlackStack/BlackStack/env/dotenv/__main__.py,N/A,Passive refactor proposal,approved
2025-09-04 14:20:45,BlackStack/BlackStack/env/dotenv/cli.py,N/A,Passive refactor proposal,approved
2025-09-04 14:20:45,BlackStack/BlackStack/env/dotenv/ipython.py,N/A,Passive refactor proposal,approved
2025-09-04 14:20:45,BlackStack/BlackStack/env/dotenv/main.py,N/A,Passive refactor proposal,approved
2025-09-04 14:20:45,BlackStack/BlackStack/env/dotenv/parser.py,N/A,Passive refactor proposal,approved
2025-09-04 14:20:45,BlackStack/BlackStack/env/dotenv/variables.py,N/A,Passive refactor proposal,approved
2025-09-04 14:20:45,BlackStack/BlackStack/env/dotenv/version.py,N/A,Passive refactor proposal,approved
2025-09-04 14:20:45,BlackStack/BlackStack/ingest/modules/approval_gate.py,N/A,Passive refactor proposal,approved
2025-09-04 14:20:45,BlackStack/BlackStack/ingest/modules/manifest_parser.py,N/A,Passive refactor proposal,approved
2025-09-04 14:20:45,BlackStack/BlackStack/ingest/modules/persona_router.py,N/A,Passive refactor proposal,approved
2025-09-04 14:20:45,BlackStack/BlackStack/ingest/modules/refactor_engine.py,N/A,Passive refactor proposal,approved
2025-09-04 14:20:45,BlackStack/BlackStack/ingest/modules/registry_updater.py,N/A,Passive refactor proposal,approved
2025-09-04 14:20:45,BlackStack/BlackStack/ingest/modules/snapshot_logger.py,N/A,Passive refactor proposal,approved
2025-09-04 14:20:45,BlackStack/BlackStack/ingest/persona_ingest_orchestrator.py,N/A,Passive refactor proposal,approved
2025-09-04 14:20:45,BlackStack/BlackStack/ingest/registry_ingest_daemon.py,N/A,Passive refactor proposal,approved
2025-09-04 14:20:45,BlackStack/BlackStack/ingest/registry_scanner.py,N/A,Passive refactor proposal,approved
2025-09-04 14:20:45,BlackStack/BlackStack/modules/Diagnostics/libcheck.py,N/A,Passive refactor proposal,approved
2025-09-04 14:20:45,BlackStack/BlackStack/modules/deepseek/autonomy/autonomy_gui.py,N/A,Passive refactor proposal,approved
2025-09-04 14:20:45,BlackStack/BlackStack/modules/deepseek/autonomy/deepseek_autonomy.py,N/A,Passive refactor proposal,approved
2025-09-04 14:20:45,BlackStack/BlackStack/modules/deepseek_refactor_suggest.py,N/A,Passive refactor proposal,approved
2025-09-04 14:20:45,BlackStack/BlackStack/modules/deepseek_registry_builder.py,N/A,Passive refactor proposal,approved
2025-09-04 14:20:45,BlackStack/BlackStack/modules/deepseek_scan.py,N/A,Passive refactor proposal,approved
2025-09-04 14:20:45,BlackStack/BlackStack/modules/deepseek_watchdog.py,N/A,Passive refactor proposal,approved
2025-09-04 14:20:45,BlackStack/BlackStack/modules/diagnostics/libcheck.py,N/A,Passive refactor proposal,approved
2025-09-04 14:20:45,BlackStack/BlackStack/modules/gui/main_gui.py,N/A,Passive refactor proposal,approved
2025-09-04 14:20:45,BlackStack/BlackStack/modules/voice/audio_input.py,N/A,Passive refactor proposal,approved
2025-09-04 14:20:45,BlackStack/BlackStack/modules/voice/audio_output.py,N/A,Passive refactor proposal,approved
2025-09-04 14:20:45,BlackStack/BlackStack/modules/voice/audio_shell.py,N/A,Passive refactor proposal,approved
2025-09-04 14:20:45,BlackStack/BlackStack/persona/api_handler.py,N/A,Passive refactor proposal,approved
2025-09-04 14:20:45,BlackStack/BlackStack/runtime/__init__.py,N/A,Passive refactor proposal,approved
2025-09-04 14:20:45,BlackStack/BlackStack/runtime/deepseek_cli.py,N/A,Passive refactor proposal,approved
2025-09-04 14:20:45,BlackStack/BlackStack/runtime/deepseek_core.py,N/A,Passive refactor proposal,approved
2025-09-04 14:20:45,BlackStack/BlackStack/runtime/deepseek_v2.py,N/A,Passive refactor proposal,approved
2025-09-04 14:20:45,BlackStack/BlackStack/runtime/fallback_deepseek.py,N/A,Passive refactor proposal,approved
2025-09-04 14:20:45,BlackStack/BlackStack/runtime/persona_loader.py,N/A,Passive refactor proposal,approved
2025-09-04 14:20:45,BlackStack/BlackStack/runtime/persona_variants/auditpersona_v2.py,N/A,Passive refactor proposal,approved
2025-09-04 14:20:45,BlackStack/BlackStack/runtime/persona_variants/blueteam_v2.py,N/A,Passive refactor proposal,approved
2025-09-04 14:20:45,BlackStack/BlackStack/runtime/persona_variants/redteam_v2.py,N/A,Passive refactor proposal,approved
2025-09-04 14:20:45,BlackStack/BlackStack/runtime/finalize_ai.py,N/A,Passive refactor proposal,approved
2025-09-04 14:20:45,BlackStack/BlackStack/audit/build_manifest.py,N/A,Passive refactor proposal,approved
2025-09-04 14:20:45,BlackStack/BlackStack/config/route_approvals.py,N/A,Passive refactor proposal,approved
2025-09-04 14:20:45,BlackStack/BlackStack/config/snapshot_manifest.py,N/A,Passive refactor proposal,approved
2025-09-04 14:20:45,BlackStack/BlackStack/config/validate_manifest.py,N/A,Passive refactor proposal,approved
2025-09-04 14:20:45,BlackStack/BlackStack/env/dotenv/__init__.py,N/A,Passive refactor proposal,approved
2025-09-04 14:20:45,BlackStack/BlackStack/env/dotenv/__main__.py,N/A,Passive refactor proposal,approved
2025-09-04 14:20:45,BlackStack/BlackStack/env/dotenv/cli.py,N/A,Passive refactor proposal,approved
2025-09-04 14:20:45,BlackStack/BlackStack/env/dotenv/ipython.py,N/A,Passive refactor proposal,approved
2025-09-04 14:20:45,BlackStack/BlackStack/env/dotenv/main.py,N/A,Passive refactor proposal,approved
2025-09-04 14:20:45,BlackStack/BlackStack/env/dotenv/parser.py,N/A,Passive refactor proposal,approved
2025-09-04 14:20:45,BlackStack/BlackStack/env/dotenv/variables.py,N/A,Passive refactor proposal,approved
2025-09-04 14:20:45,BlackStack/BlackStack/env/dotenv/version.py,N/A,Passive refactor proposal,approved
2025-09-04 14:20:45,BlackStack/BlackStack/ingest/modules/approval_gate.py,N/A,Passive refactor proposal,approved
2025-09-04 14:20:45,BlackStack/BlackStack/ingest/modules/manifest_parser.py,N/A,Passive refactor proposal,approved
2025-09-04 14:20:45,BlackStack/BlackStack/ingest/modules/persona_router.py,N/A,Passive refactor proposal,approved
2025-09-04 14:20:45,BlackStack/BlackStack/ingest/modules/refactor_engine.py,N/A,Passive refactor proposal,approved
2025-09-04 14:20:45,BlackStack/BlackStack/ingest/modules/registry_updater.py,N/A,Passive refactor proposal,approved
2025-09-04 14:20:45,BlackStack/BlackStack/ingest/modules/snapshot_logger.py,N/A,Passive refactor proposal,approved
2025-09-04 14:20:45,BlackStack/BlackStack/ingest/persona_ingest_orchestrator.py,N/A,Passive refactor proposal,approved
2025-09-04 14:20:45,BlackStack/BlackStack/ingest/registry_ingest_daemon.py,N/A,Passive refactor proposal,approved
2025-09-04 14:20:45,BlackStack/BlackStack/ingest/registry_scanner.py,N/A,Passive refactor proposal,approved
2025-09-04 14:20:45,BlackStack/BlackStack/modules/Diagnostics/libcheck.py,N/A,Passive refactor proposal,approved
2025-09-04 14:20:45,BlackStack/BlackStack/modules/deepseek/autonomy/autonomy_gui.py,N/A,Passive refactor proposal,approved
2025-09-04 14:20:45,BlackStack/BlackStack/modules/deepseek/autonomy/deepseek_autonomy.py,N/A,Passive refactor proposal,approved
2025-09-04 14:20:45,BlackStack/BlackStack/modules/deepseek_refactor_suggest.py,N/A,Passive refactor proposal,approved
2025-09-04 14:20:45,BlackStack/BlackStack/modules/deepseek_registry_builder.py,N/A,Passive refactor proposal,approved
2025-09-04 14:20:45,BlackStack/BlackStack/modules/deepseek_scan.py,N/A,Passive refactor proposal,approved
2025-09-04 14:20:45,BlackStack/BlackStack/modules/deepseek_watchdog.py,N/A,Passive refactor proposal,approved
2025-09-04 14:20:45,BlackStack/BlackStack/modules/diagnostics/libcheck.py,N/A,Passive refactor proposal,approved
2025-09-04 14:20:45,BlackStack/BlackStack/modules/gui/main_gui.py,N/A,Passive refactor proposal,approved
2025-09-04 14:20:45,BlackStack/BlackStack/modules/voice/audio_input.py,N/A,Passive refactor proposal,approved
2025-09-04 14:20:45,BlackStack/BlackStack/modules/voice/audio_output.py,N/A,Passive refactor proposal,approved
2025-09-04 14:20:45,BlackStack/BlackStack/modules/voice/audio_shell.py,N/A,Passive refactor proposal,approved
2025-09-04 14:20:45,BlackStack/BlackStack/persona/api_handler.py,N/A,Passive refactor proposal,approved
2025-09-04 14:20:45,BlackStack/BlackStack/runtime/__init__.py,N/A,Passive refactor proposal,approved
2025-09-04 14:20:45,BlackStack/BlackStack/runtime/deepseek_cli.py,N/A,Passive refactor proposal,approved
2025-09-04 14:20:45,BlackStack/BlackStack/runtime/deepseek_core.py,N/A,Passive refactor proposal,approved
2025-09-04 14:20:45,BlackStack/BlackStack/runtime/deepseek_v2.py,N/A,Passive refactor proposal,approved
2025-09-04 14:20:45,BlackStack/BlackStack/runtime/fallback_deepseek.py,N/A,Passive refactor proposal,approved
2025-09-04 14:20:45,BlackStack/BlackStack/runtime/persona_loader.py,N/A,Passive refactor proposal,approved
2025-09-04 14:20:45,BlackStack/BlackStack/runtime/persona_variants/auditpersona_v2.py,N/A,Passive refactor proposal,approved
2025-09-04 14:20:45,BlackStack/BlackStack/runtime/persona_variants/blueteam_v2.py,N/A,Passive refactor proposal,approved
2025-09-04 14:20:45,BlackStack/BlackStack/runtime/persona_variants/redteam_v2.py,N/A,Passive refactor proposal,approved
2025-09-04 14:20:45,BlackStack/BlackStack/runtime/finalize_ai.py,N/A,Passive refactor proposal,approved
2025-09-04 14:27:27,/mnt/unified/BlackStack/BlackStack/audit/build_manifest.py,sha256:e5ae723cbe55a21de2102bb1153a61ac2236ce648351e6bb6f49da89d68796ff,Context assimilation,observed
2025-09-04 14:27:27,/mnt/unified/BlackStack/BlackStack/config/route_approvals.py,sha256:e68dd7a4366972085993923c9e9aae82faed1fcfa634d60c1ef06ed1823b2403,Context assimilation,observed
2025-09-04 14:27:27,/mnt/unified/BlackStack/BlackStack/config/snapshot_manifest.py,sha256:7c82a88023f5c4930978fd3ee39f95023361ae403848ddd02655cacc1ee8cbd5,Context assimilation,observed
2025-09-04 14:27:27,/mnt/unified/BlackStack/BlackStack/config/validate_manifest.py,sha256:d0f08edb84dde9e4dd7c1fed387a4d65745c1857ac32d9e07c18e7a9f7c2e76b,Context assimilation,observed
2025-09-04 14:27:27,/mnt/unified/BlackStack/BlackStack/env/dotenv/__init__.py,sha256:3e16bdb844afd624c84ed76899ca69044545e41860bc5c877290fe8ede41e2ba,Context assimilation,observed
2025-09-04 14:27:27,/mnt/unified/BlackStack/BlackStack/env/dotenv/__main__.py,sha256:d6d5485c0c3004bfa4fb2506b1f39cfb3d21d1550e886950cff0929bd9905195,Context assimilation,observed
2025-09-04 14:27:27,/mnt/unified/BlackStack/BlackStack/env/dotenv/cli.py,sha256:10d1c9dd2da1eba7ef226da1ec55dc7a8bacf34803798c6a94693cf05c876b87,Context assimilation,observed
2025-09-04 14:27:27,/mnt/unified/BlackStack/BlackStack/env/dotenv/ipython.py,sha256:d601cce8f69485f530759ca165c34aa6653adc60a7811a7a62081ef06d629c4a,Context assimilation,observed
2025-09-04 14:27:27,/mnt/unified/BlackStack/BlackStack/env/dotenv/main.py,sha256:c6ab9e99aa242a0ef257b0b8a8dbb52db77caca0d6d3d9de1f6bc0178cc0472d,Context assimilation,observed
2025-09-04 14:27:27,/mnt/unified/BlackStack/BlackStack/env/dotenv/parser.py,sha256:8b4f969b42a96a77f61701877adcad3bf277b362dfb7f0b7158901db7cd4f5d2,Context assimilation,observed
2025-09-04 14:27:27,/mnt/unified/BlackStack/BlackStack/env/dotenv/variables.py,sha256:d2e0a0508e4b3579cb6335741a25ad72b3c215ebb3ff943ceb013066d3f3976a,Context assimilation,observed
2025-09-04 14:27:27,/mnt/unified/BlackStack/BlackStack/env/dotenv/version.py,sha256:685f9be1b391a52b48118437835b1de7665bab9880d420f35d59172b314cac74,Context assimilation,observed
2025-09-04 14:27:27,/mnt/unified/BlackStack/BlackStack/ingest/modules/approval_gate.py,sha256:f33dff27502208a03e6e6c18381622b0dbf341f569a3968430a42661b5e13047,Context assimilation,observed
2025-09-04 14:27:27,/mnt/unified/BlackStack/BlackStack/ingest/modules/manifest_parser.py,sha256:ebe6e1073671f67c7a6fb6e33a6bd8cb75f30c8348b168e563304dcebe07959e,Context assimilation,observed
2025-09-04 14:27:27,/mnt/unified/BlackStack/BlackStack/ingest/modules/persona_router.py,sha256:fa6700f4ca9aebecb9358abdcb3d4af782c12936c9cee70519076a71ac414c46,Context assimilation,observed
2025-09-04 14:27:27,/mnt/unified/BlackStack/BlackStack/ingest/modules/refactor_engine.py,sha256:42031594c8f9a0b6a6f2b51bfde5159c45e0c012b18d2d54226828dae65ae556,Context assimilation,observed
2025-09-04 14:27:27,/mnt/unified/BlackStack/BlackStack/ingest/modules/registry_updater.py,sha256:8f99ffa614861989b7278980bdfcfe82cfd7d1d6eb5326f614fc7db3ce36cbcb,Context assimilation,observed
2025-09-04 14:27:27,/mnt/unified/BlackStack/BlackStack/ingest/modules/snapshot_logger.py,sha256:f42f98b3c943c05f10b7a25ff360f3131cdf8797ce96b8072f647d83087bc44c,Context assimilation,observed
2025-09-04 14:27:27,/mnt/unified/BlackStack/BlackStack/ingest/persona_ingest_orchestrator.py,sha256:e4f8013b6556abde64a01e2c3ad0705024392901bf714e70e11fac5b5e1cca92,Context assimilation,observed
2025-09-04 14:27:27,/mnt/unified/BlackStack/BlackStack/ingest/registry_ingest_daemon.py,sha256:c42f05b8df6bf34a9ed4fb2a4b139c1d368c6c159047fc6df8a2c1a6d5cd065f,Context assimilation,observed
2025-09-04 14:27:27,/mnt/unified/BlackStack/BlackStack/ingest/registry_scanner.py,sha256:3184bca5150a36c575771029d3d83cfe6514bea1751d55713dc3d055041d964e,Context assimilation,observed
2025-09-04 14:27:27,/mnt/unified/BlackStack/BlackStack/modules/Diagnostics/libcheck.py,sha256:b97090415b38cbe98e1ef1b651fe38a061ef25f680a0b2dc75d5d88433b5c6a8,Context assimilation,observed
2025-09-04 14:27:27,/mnt/unified/BlackStack/BlackStack/modules/deepseek/autonomy/autonomy_gui.py,sha256:35c7a7557b2a5ca3a66325a915b6ad547976d7479e784b978f784275fb9c3b84,Context assimilation,observed
2025-09-04 14:27:27,/mnt/unified/BlackStack/BlackStack/modules/deepseek/autonomy/deepseek_autonomy.py,sha256:3854bd23f244001420a9a229685f67de0433cc58775f5decfe113e374c588631,Context assimilation,observed
2025-09-04 14:27:27,/mnt/unified/BlackStack/BlackStack/modules/deepseek_refactor_suggest.py,sha256:576d68689106eccc131413c88fd8ddca1addd1d85462b28a4823496649b45e18,Context assimilation,observed
2025-09-04 14:27:27,/mnt/unified/BlackStack/BlackStack/modules/deepseek_registry_builder.py,sha256:6c4c3c0d82920b590d67bbfb64f0370db9ff09f2e8086282ba8974368f4e0c11,Context assimilation,observed
2025-09-04 14:27:27,/mnt/unified/BlackStack/BlackStack/modules/deepseek_scan.py,sha256:051d8546a5810a2a2865d1392382333cd83951610cdd1229eed49f2266b89947,Context assimilation,observed
2025-09-04 14:27:27,/mnt/unified/BlackStack/BlackStack/modules/deepseek_watchdog.py,sha256:94d47304208504797bf266a5ecef3077a10edbb9f0e33499c51723ad7157edcf,Context assimilation,observed
2025-09-04 14:27:27,/mnt/unified/BlackStack/BlackStack/modules/diagnostics/libcheck.py,sha256:ae3cc95def5d0e2fabab9bf40202275fc6251b423d288ac260c23b2dad0339fc,Context assimilation,observed
2025-09-04 14:27:27,/mnt/unified/BlackStack/BlackStack/modules/gui/main_gui.py,sha256:8b0bbc32fbd46e5a18305f62f1f69e4122692f03338bb3a14018713d4e8c6790,Context assimilation,observed
2025-09-04 14:27:27,/mnt/unified/BlackStack/BlackStack/modules/voice/audio_input.py,sha256:3f5ded9677125968ce811d5cb265e8050d0e3cfdabb2d4a3c26964a10e35174b,Context assimilation,observed
2025-09-04 14:27:27,/mnt/unified/BlackStack/BlackStack/modules/voice/audio_output.py,sha256:94c04e2f0fcddf52de8b97733f14af2ca163c74dbc70c199d10ae36166154121,Context assimilation,observed
2025-09-04 14:27:27,/mnt/unified/BlackStack/BlackStack/modules/voice/audio_shell.py,sha256:c1a33dea4f38c378c40f531153ca14318137e90a60b69ec2cc5c080bd21734e4,Context assimilation,observed
2025-09-04 14:27:27,/mnt/unified/BlackStack/BlackStack/persona/api_handler.py,sha256:a8fc6d8bc9b37df1b209b702bd2826e319e29e0775827da6d72f6267484d4a1b,Context assimilation,observed
2025-09-04 14:27:27,/mnt/unified/BlackStack/BlackStack/runtime/__init__.py,sha256:e3b0c44298fc1c149afbf4c8996fb92427ae41e4649b934ca495991b7852b855,Context assimilation,observed
2025-09-04 14:27:27,/mnt/unified/BlackStack/BlackStack/runtime/deepseek_cli.py,sha256:c0a9ac2f58cf3a5c50303cb20bf4660bf513c60db4864d1e722656ae4159c026,Context assimilation,observed
2025-09-04 14:27:27,/mnt/unified/BlackStack/BlackStack/runtime/deepseek_core.py,sha256:ef0fa0d4382992f426738938556740e1fad4d038fa65a3d213ddd2fbd510595c,Context assimilation,observed
2025-09-04 14:27:27,/mnt/unified/BlackStack/BlackStack/runtime/deepseek_v2.py,sha256:70b6913ec15d3db6ea01d49197eeaf2955cbed690bd99296adf48fc4f46c47c6,Context assimilation,observed
2025-09-04 14:27:27,/mnt/unified/BlackStack/BlackStack/runtime/fallback_deepseek.py,sha256:33932bc1f813eba310f6b1c5a2c97461e8dd347384789f15fc894a590a912d4f,Context assimilation,observed
2025-09-04 14:27:27,/mnt/unified/BlackStack/BlackStack/runtime/persona_loader.py,sha256:61d6b6abda9488eb2220dec702c14fbc1b57410e1f1f7d2cf86720a5d7499b4d,Context assimilation,observed
2025-09-04 14:27:27,/mnt/unified/BlackStack/BlackStack/runtime/persona_variants/auditpersona_v2.py,sha256:158c04ef16a4440c07e6ae1dc04bbaec09686a007d9beef2ba8e12d474586a84,Context assimilation,observed
2025-09-04 14:27:27,/mnt/unified/BlackStack/BlackStack/runtime/persona_variants/blueteam_v2.py,sha256:72d1544d67425816b14b415099c96765bf8fb4e03addb9c417fe7f44076362c2,Context assimilation,observed
2025-09-04 14:27:27,/mnt/unified/BlackStack/BlackStack/runtime/persona_variants/redteam_v2.py,sha256:a2554690f0b0659d56fce9ba31eaad45afb195b14ea33e73b4f3e6eb0f7872f5,Context assimilation,observed
2025-09-04 14:27:27,/mnt/unified/BlackStack/BlackStack/runtime/finalize_ai.py,sha256:fd28b36eacc1137682b9f9dacb56bf6e90d10eea92ef44f8f3e3de0820898827,Context assimilation,observed
2025-09-04 14:27:40,BlackStack/BlackStack/audit/build_manifest.py,N/A,Passive refactor proposal,approved
2025-09-04 14:27:40,BlackStack/BlackStack/config/route_approvals.py,N/A,Passive refactor proposal,approved
2025-09-04 14:27:40,BlackStack/BlackStack/config/snapshot_manifest.py,N/A,Passive refactor proposal,approved
2025-09-04 14:27:40,BlackStack/BlackStack/config/validate_manifest.py,N/A,Passive refactor proposal,approved
2025-09-04 14:27:40,BlackStack/BlackStack/env/dotenv/__init__.py,N/A,Passive refactor proposal,approved
2025-09-04 14:27:40,BlackStack/BlackStack/env/dotenv/__main__.py,N/A,Passive refactor proposal,approved
2025-09-04 14:27:40,BlackStack/BlackStack/env/dotenv/cli.py,N/A,Passive refactor proposal,approved
2025-09-04 14:27:40,BlackStack/BlackStack/env/dotenv/ipython.py,N/A,Passive refactor proposal,approved
2025-09-04 14:27:40,BlackStack/BlackStack/env/dotenv/main.py,N/A,Passive refactor proposal,approved
2025-09-04 14:27:40,BlackStack/BlackStack/env/dotenv/parser.py,N/A,Passive refactor proposal,approved
2025-09-04 14:27:40,BlackStack/BlackStack/env/dotenv/variables.py,N/A,Passive refactor proposal,approved
2025-09-04 14:27:40,BlackStack/BlackStack/env/dotenv/version.py,N/A,Passive refactor proposal,approved
2025-09-04 14:27:40,BlackStack/BlackStack/ingest/modules/approval_gate.py,N/A,Passive refactor proposal,approved
2025-09-04 14:27:40,BlackStack/BlackStack/ingest/modules/manifest_parser.py,N/A,Passive refactor proposal,approved
2025-09-04 14:27:40,BlackStack/BlackStack/ingest/modules/persona_router.py,N/A,Passive refactor proposal,approved
2025-09-04 14:27:40,BlackStack/BlackStack/ingest/modules/refactor_engine.py,N/A,Passive refactor proposal,approved
2025-09-04 14:27:40,BlackStack/BlackStack/ingest/modules/registry_updater.py,N/A,Passive refactor proposal,approved
2025-09-04 14:27:40,BlackStack/BlackStack/ingest/modules/snapshot_logger.py,N/A,Passive refactor proposal,approved
2025-09-04 14:27:40,BlackStack/BlackStack/ingest/persona_ingest_orchestrator.py,N/A,Passive refactor proposal,approved
2025-09-04 14:27:40,BlackStack/BlackStack/ingest/registry_ingest_daemon.py,N/A,Passive refactor proposal,approved
2025-09-04 14:27:40,BlackStack/BlackStack/ingest/registry_scanner.py,N/A,Passive refactor proposal,approved
2025-09-04 14:27:40,BlackStack/BlackStack/modules/Diagnostics/libcheck.py,N/A,Passive refactor proposal,approved
2025-09-04 14:27:40,BlackStack/BlackStack/modules/deepseek/autonomy/autonomy_gui.py,N/A,Passive refactor proposal,approved
2025-09-04 14:27:40,BlackStack/BlackStack/modules/deepseek/autonomy/deepseek_autonomy.py,N/A,Passive refactor proposal,approved
2025-09-04 14:27:40,BlackStack/BlackStack/modules/deepseek_refactor_suggest.py,N/A,Passive refactor proposal,approved
2025-09-04 14:27:40,BlackStack/BlackStack/modules/deepseek_registry_builder.py,N/A,Passive refactor proposal,approved
2025-09-04 14:27:40,BlackStack/BlackStack/modules/deepseek_scan.py,N/A,Passive refactor proposal,approved
2025-09-04 14:27:40,BlackStack/BlackStack/modules/deepseek_watchdog.py,N/A,Passive refactor proposal,approved
2025-09-04 14:27:40,BlackStack/BlackStack/modules/diagnostics/libcheck.py,N/A,Passive refactor proposal,approved
2025-09-04 14:27:40,BlackStack/BlackStack/modules/gui/main_gui.py,N/A,Passive refactor proposal,approved
2025-09-04 14:27:40,BlackStack/BlackStack/modules/voice/audio_input.py,N/A,Passive refactor proposal,approved
2025-09-04 14:27:40,BlackStack/BlackStack/modules/voice/audio_output.py,N/A,Passive refactor proposal,approved
2025-09-04 14:27:40,BlackStack/BlackStack/modules/voice/audio_shell.py,N/A,Passive refactor proposal,approved
2025-09-04 14:27:40,BlackStack/BlackStack/persona/api_handler.py,N/A,Passive refactor proposal,approved
2025-09-04 14:27:40,BlackStack/BlackStack/runtime/__init__.py,N/A,Passive refactor proposal,approved
2025-09-04 14:27:40,BlackStack/BlackStack/runtime/deepseek_cli.py,N/A,Passive refactor proposal,approved
2025-09-04 14:27:40,BlackStack/BlackStack/runtime/deepseek_core.py,N/A,Passive refactor proposal,approved
2025-09-04 14:27:40,BlackStack/BlackStack/runtime/deepseek_v2.py,N/A,Passive refactor proposal,approved
2025-09-04 14:27:40,BlackStack/BlackStack/runtime/fallback_deepseek.py,N/A,Passive refactor proposal,approved
2025-09-04 14:27:40,BlackStack/BlackStack/runtime/persona_loader.py,N/A,Passive refactor proposal,approved
2025-09-04 14:27:40,BlackStack/BlackStack/runtime/persona_variants/auditpersona_v2.py,N/A,Passive refactor proposal,approved
2025-09-04 14:27:40,BlackStack/BlackStack/runtime/persona_variants/blueteam_v2.py,N/A,Passive refactor proposal,approved
2025-09-04 14:27:40,BlackStack/BlackStack/runtime/persona_variants/redteam_v2.py,N/A,Passive refactor proposal,approved
2025-09-04 14:27:40,BlackStack/BlackStack/runtime/finalize_ai.py,N/A,Passive refactor proposal,approved
2025-09-04 14:27:40,BlackStack/BlackStack/audit/build_manifest.py,N/A,Passive refactor proposal,approved
2025-09-04 14:27:40,BlackStack/BlackStack/config/route_approvals.py,N/A,Passive refactor proposal,approved
2025-09-04 14:27:40,BlackStack/BlackStack/config/snapshot_manifest.py,N/A,Passive refactor proposal,approved
2025-09-04 14:27:40,BlackStack/BlackStack/config/validate_manifest.py,N/A,Passive refactor proposal,approved
2025-09-04 14:27:40,BlackStack/BlackStack/env/dotenv/__init__.py,N/A,Passive refactor proposal,approved
2025-09-04 14:27:40,BlackStack/BlackStack/env/dotenv/__main__.py,N/A,Passive refactor proposal,approved
2025-09-04 14:27:40,BlackStack/BlackStack/env/dotenv/cli.py,N/A,Passive refactor proposal,approved
2025-09-04 14:27:40,BlackStack/BlackStack/env/dotenv/ipython.py,N/A,Passive refactor proposal,approved
2025-09-04 14:27:40,BlackStack/BlackStack/env/dotenv/main.py,N/A,Passive refactor proposal,approved
2025-09-04 14:27:40,BlackStack/BlackStack/env/dotenv/parser.py,N/A,Passive refactor proposal,approved
2025-09-04 14:27:40,BlackStack/BlackStack/env/dotenv/variables.py,N/A,Passive refactor proposal,approved
2025-09-04 14:27:40,BlackStack/BlackStack/env/dotenv/version.py,N/A,Passive refactor proposal,approved
2025-09-04 14:27:40,BlackStack/BlackStack/ingest/modules/approval_gate.py,N/A,Passive refactor proposal,approved
2025-09-04 14:27:40,BlackStack/BlackStack/ingest/modules/manifest_parser.py,N/A,Passive refactor proposal,approved
2025-09-04 14:27:40,BlackStack/BlackStack/ingest/modules/persona_router.py,N/A,Passive refactor proposal,approved
2025-09-04 14:27:40,BlackStack/BlackStack/ingest/modules/refactor_engine.py,N/A,Passive refactor proposal,approved
2025-09-04 14:27:40,BlackStack/BlackStack/ingest/modules/registry_updater.py,N/A,Passive refactor proposal,approved
2025-09-04 14:27:40,BlackStack/BlackStack/ingest/modules/snapshot_logger.py,N/A,Passive refactor proposal,approved
2025-09-04 14:27:40,BlackStack/BlackStack/ingest/persona_ingest_orchestrator.py,N/A,Passive refactor proposal,approved
2025-09-04 14:27:40,BlackStack/BlackStack/ingest/registry_ingest_daemon.py,N/A,Passive refactor proposal,approved
2025-09-04 14:27:40,BlackStack/BlackStack/ingest/registry_scanner.py,N/A,Passive refactor proposal,approved
2025-09-04 14:27:40,BlackStack/BlackStack/modules/Diagnostics/libcheck.py,N/A,Passive refactor proposal,approved
2025-09-04 14:27:40,BlackStack/BlackStack/modules/deepseek/autonomy/autonomy_gui.py,N/A,Passive refactor proposal,approved
2025-09-04 14:27:40,BlackStack/BlackStack/modules/deepseek/autonomy/deepseek_autonomy.py,N/A,Passive refactor proposal,approved
2025-09-04 14:27:40,BlackStack/BlackStack/modules/deepseek_refactor_suggest.py,N/A,Passive refactor proposal,approved
2025-09-04 14:27:40,BlackStack/BlackStack/modules/deepseek_registry_builder.py,N/A,Passive refactor proposal,approved
2025-09-04 14:27:40,BlackStack/BlackStack/modules/deepseek_scan.py,N/A,Passive refactor proposal,approved
2025-09-04 14:27:40,BlackStack/BlackStack/modules/deepseek_watchdog.py,N/A,Passive refactor proposal,approved
2025-09-04 14:27:40,BlackStack/BlackStack/modules/diagnostics/libcheck.py,N/A,Passive refactor proposal,approved
2025-09-04 14:27:40,BlackStack/BlackStack/modules/gui/main_gui.py,N/A,Passive refactor proposal,approved
2025-09-04 14:27:40,BlackStack/BlackStack/modules/voice/audio_input.py,N/A,Passive refactor proposal,approved
2025-09-04 14:27:40,BlackStack/BlackStack/modules/voice/audio_output.py,N/A,Passive refactor proposal,approved
2025-09-04 14:27:40,BlackStack/BlackStack/modules/voice/audio_shell.py,N/A,Passive refactor proposal,approved
2025-09-04 14:27:40,BlackStack/BlackStack/persona/api_handler.py,N/A,Passive refactor proposal,approved
2025-09-04 14:27:40,BlackStack/BlackStack/runtime/__init__.py,N/A,Passive refactor proposal,approved
2025-09-04 14:27:40,BlackStack/BlackStack/runtime/deepseek_cli.py,N/A,Passive refactor proposal,approved
2025-09-04 14:27:40,BlackStack/BlackStack/runtime/deepseek_core.py,N/A,Passive refactor proposal,approved
2025-09-04 14:27:40,BlackStack/BlackStack/runtime/deepseek_v2.py,N/A,Passive refactor proposal,approved
2025-09-04 14:27:40,BlackStack/BlackStack/runtime/fallback_deepseek.py,N/A,Passive refactor proposal,approved
2025-09-04 14:27:40,BlackStack/BlackStack/runtime/persona_loader.py,N/A,Passive refactor proposal,approved
2025-09-04 14:27:40,BlackStack/BlackStack/runtime/persona_variants/auditpersona_v2.py,N/A,Passive refactor proposal,approved
2025-09-04 14:27:40,BlackStack/BlackStack/runtime/persona_variants/blueteam_v2.py,N/A,Passive refactor proposal,approved
2025-09-04 14:27:40,BlackStack/BlackStack/runtime/persona_variants/redteam_v2.py,N/A,Passive refactor proposal,approved
2025-09-04 14:27:40,BlackStack/BlackStack/runtime/finalize_ai.py,N/A,Passive refactor proposal,approved
2025-09-04 14:27:40,BlackStack/BlackStack/audit/build_manifest.py,N/A,Passive refactor proposal,approved
2025-09-04 14:27:40,BlackStack/BlackStack/config/route_approvals.py,N/A,Passive refactor proposal,approved
2025-09-04 14:27:40,BlackStack/BlackStack/config/snapshot_manifest.py,N/A,Passive refactor proposal,approved
2025-09-04 14:27:40,BlackStack/BlackStack/config/validate_manifest.py,N/A,Passive refactor proposal,approved
2025-09-04 14:27:40,BlackStack/BlackStack/env/dotenv/__init__.py,N/A,Passive refactor proposal,approved
2025-09-04 14:27:40,BlackStack/BlackStack/env/dotenv/__main__.py,N/A,Passive refactor proposal,approved
2025-09-04 14:27:40,BlackStack/BlackStack/env/dotenv/cli.py,N/A,Passive refactor proposal,approved
2025-09-04 14:27:40,BlackStack/BlackStack/env/dotenv/ipython.py,N/A,Passive refactor proposal,approved
2025-09-04 14:27:40,BlackStack/BlackStack/env/dotenv/main.py,N/A,Passive refactor proposal,approved
2025-09-04 14:27:40,BlackStack/BlackStack/env/dotenv/parser.py,N/A,Passive refactor proposal,approved
2025-09-04 14:27:40,BlackStack/BlackStack/env/dotenv/variables.py,N/A,Passive refactor proposal,approved
2025-09-04 14:27:40,BlackStack/BlackStack/env/dotenv/version.py,N/A,Passive refactor proposal,approved
2025-09-04 14:27:40,BlackStack/BlackStack/ingest/modules/approval_gate.py,N/A,Passive refactor proposal,approved
2025-09-04 14:27:40,BlackStack/BlackStack/ingest/modules/manifest_parser.py,N/A,Passive refactor proposal,approved
2025-09-04 14:27:40,BlackStack/BlackStack/ingest/modules/persona_router.py,N/A,Passive refactor proposal,approved
2025-09-04 14:27:40,BlackStack/BlackStack/ingest/modules/refactor_engine.py,N/A,Passive refactor proposal,approved
2025-09-04 14:27:40,BlackStack/BlackStack/ingest/modules/registry_updater.py,N/A,Passive refactor proposal,approved
2025-09-04 14:27:40,BlackStack/BlackStack/ingest/modules/snapshot_logger.py,N/A,Passive refactor proposal,approved
2025-09-04 14:27:40,BlackStack/BlackStack/ingest/persona_ingest_orchestrator.py,N/A,Passive refactor proposal,approved
2025-09-04 14:27:40,BlackStack/BlackStack/ingest/registry_ingest_daemon.py,N/A,Passive refactor proposal,approved
2025-09-04 14:27:40,BlackStack/BlackStack/ingest/registry_scanner.py,N/A,Passive refactor proposal,approved
2025-09-04 14:27:40,BlackStack/BlackStack/modules/Diagnostics/libcheck.py,N/A,Passive refactor proposal,approved
2025-09-04 14:27:40,BlackStack/BlackStack/modules/deepseek/autonomy/autonomy_gui.py,N/A,Passive refactor proposal,approved
2025-09-04 14:27:40,BlackStack/BlackStack/modules/deepseek/autonomy/deepseek_autonomy.py,N/A,Passive refactor proposal,approved
2025-09-04 14:27:40,BlackStack/BlackStack/modules/deepseek_refactor_suggest.py,N/A,Passive refactor proposal,approved
2025-09-04 14:27:40,BlackStack/BlackStack/modules/deepseek_registry_builder.py,N/A,Passive refactor proposal,approved
2025-09-04 14:27:40,BlackStack/BlackStack/modules/deepseek_scan.py,N/A,Passive refactor proposal,approved
2025-09-04 14:27:40,BlackStack/BlackStack/modules/deepseek_watchdog.py,N/A,Passive refactor proposal,approved
2025-09-04 14:27:40,BlackStack/BlackStack/modules/diagnostics/libcheck.py,N/A,Passive refactor proposal,approved
2025-09-04 14:27:40,BlackStack/BlackStack/modules/gui/main_gui.py,N/A,Passive refactor proposal,approved
2025-09-04 14:27:40,BlackStack/BlackStack/modules/voice/audio_input.py,N/A,Passive refactor proposal,approved
2025-09-04 14:27:40,BlackStack/BlackStack/modules/voice/audio_output.py,N/A,Passive refactor proposal,approved
2025-09-04 14:27:40,BlackStack/BlackStack/modules/voice/audio_shell.py,N/A,Passive refactor proposal,approved
2025-09-04 14:27:40,BlackStack/BlackStack/persona/api_handler.py,N/A,Passive refactor proposal,approved
2025-09-04 14:27:40,BlackStack/BlackStack/runtime/__init__.py,N/A,Passive refactor proposal,approved
2025-09-04 14:27:40,BlackStack/BlackStack/runtime/deepseek_cli.py,N/A,Passive refactor proposal,approved
2025-09-04 14:27:40,BlackStack/BlackStack/runtime/deepseek_core.py,N/A,Passive refactor proposal,approved
2025-09-04 14:27:40,BlackStack/BlackStack/runtime/deepseek_v2.py,N/A,Passive refactor proposal,approved
2025-09-04 14:27:40,BlackStack/BlackStack/runtime/fallback_deepseek.py,N/A,Passive refactor proposal,approved
2025-09-04 14:27:40,BlackStack/BlackStack/runtime/persona_loader.py,N/A,Passive refactor proposal,approved
2025-09-04 14:27:40,BlackStack/BlackStack/runtime/persona_variants/auditpersona_v2.py,N/A,Passive refactor proposal,approved
2025-09-04 14:27:40,BlackStack/BlackStack/runtime/persona_variants/blueteam_v2.py,N/A,Passive refactor proposal,approved
2025-09-04 14:27:40,BlackStack/BlackStack/runtime/persona_variants/redteam_v2.py,N/A,Passive refactor proposal,approved
2025-09-04 14:27:40,BlackStack/BlackStack/runtime/finalize_ai.py,N/A,Passive refactor proposal,approved
2025-09-04 14:27:40,BlackStack/BlackStack/audit/build_manifest.py,N/A,Passive refactor proposal,approved
2025-09-04 14:27:40,BlackStack/BlackStack/config/route_approvals.py,N/A,Passive refactor proposal,approved
2025-09-04 14:27:40,BlackStack/BlackStack/config/snapshot_manifest.py,N/A,Passive refactor proposal,approved
2025-09-04 14:27:40,BlackStack/BlackStack/config/validate_manifest.py,N/A,Passive refactor proposal,approved
2025-09-04 14:27:40,BlackStack/BlackStack/env/dotenv/__init__.py,N/A,Passive refactor proposal,approved
2025-09-04 14:27:40,BlackStack/BlackStack/env/dotenv/__main__.py,N/A,Passive refactor proposal,approved
2025-09-04 14:27:40,BlackStack/BlackStack/env/dotenv/cli.py,N/A,Passive refactor proposal,approved
2025-09-04 14:27:40,BlackStack/BlackStack/env/dotenv/ipython.py,N/A,Passive refactor proposal,approved
2025-09-04 14:27:40,BlackStack/BlackStack/env/dotenv/main.py,N/A,Passive refactor proposal,approved
2025-09-04 14:27:40,BlackStack/BlackStack/env/dotenv/parser.py,N/A,Passive refactor proposal,approved
2025-09-04 14:27:40,BlackStack/BlackStack/env/dotenv/variables.py,N/A,Passive refactor proposal,approved
2025-09-04 14:27:40,BlackStack/BlackStack/env/dotenv/version.py,N/A,Passive refactor proposal,approved
2025-09-04 14:27:40,BlackStack/BlackStack/ingest/modules/approval_gate.py,N/A,Passive refactor proposal,approved
2025-09-04 14:27:40,BlackStack/BlackStack/ingest/modules/manifest_parser.py,N/A,Passive refactor proposal,approved
2025-09-04 14:27:40,BlackStack/BlackStack/ingest/modules/persona_router.py,N/A,Passive refactor proposal,approved
2025-09-04 14:27:40,BlackStack/BlackStack/ingest/modules/refactor_engine.py,N/A,Passive refactor proposal,approved
2025-09-04 14:27:40,BlackStack/BlackStack/ingest/modules/registry_updater.py,N/A,Passive refactor proposal,approved
2025-09-04 14:27:40,BlackStack/BlackStack/ingest/modules/snapshot_logger.py,N/A,Passive refactor proposal,approved
2025-09-04 14:27:40,BlackStack/BlackStack/ingest/persona_ingest_orchestrator.py,N/A,Passive refactor proposal,approved
2025-09-04 14:27:40,BlackStack/BlackStack/ingest/registry_ingest_daemon.py,N/A,Passive refactor proposal,approved
2025-09-04 14:27:40,BlackStack/BlackStack/ingest/registry_scanner.py,N/A,Passive refactor proposal,approved
2025-09-04 14:27:40,BlackStack/BlackStack/modules/Diagnostics/libcheck.py,N/A,Passive refactor proposal,approved
2025-09-04 14:27:40,BlackStack/BlackStack/modules/deepseek/autonomy/autonomy_gui.py,N/A,Passive refactor proposal,approved
2025-09-04 14:27:40,BlackStack/BlackStack/modules/deepseek/autonomy/deepseek_autonomy.py,N/A,Passive refactor proposal,approved
2025-09-04 14:27:40,BlackStack/BlackStack/modules/deepseek_refactor_suggest.py,N/A,Passive refactor proposal,approved
2025-09-04 14:27:40,BlackStack/BlackStack/modules/deepseek_registry_builder.py,N/A,Passive refactor proposal,approved
2025-09-04 14:27:40,BlackStack/BlackStack/modules/deepseek_scan.py,N/A,Passive refactor proposal,approved
2025-09-04 14:27:40,BlackStack/BlackStack/modules/deepseek_watchdog.py,N/A,Passive refactor proposal,approved
2025-09-04 14:27:40,BlackStack/BlackStack/modules/diagnostics/libcheck.py,N/A,Passive refactor proposal,approved
2025-09-04 14:27:40,BlackStack/BlackStack/modules/gui/main_gui.py,N/A,Passive refactor proposal,approved
2025-09-04 14:27:40,BlackStack/BlackStack/modules/voice/audio_input.py,N/A,Passive refactor proposal,approved
2025-09-04 14:27:40,BlackStack/BlackStack/modules/voice/audio_output.py,N/A,Passive refactor proposal,approved
2025-09-04 14:27:40,BlackStack/BlackStack/modules/voice/audio_shell.py,N/A,Passive refactor proposal,approved
2025-09-04 14:27:40,BlackStack/BlackStack/persona/api_handler.py,N/A,Passive refactor proposal,approved
2025-09-04 14:27:40,BlackStack/BlackStack/runtime/__init__.py,N/A,Passive refactor proposal,approved
2025-09-04 14:27:40,BlackStack/BlackStack/runtime/deepseek_cli.py,N/A,Passive refactor proposal,approved
2025-09-04 14:27:40,BlackStack/BlackStack/runtime/deepseek_core.py,N/A,Passive refactor proposal,approved
2025-09-04 14:27:40,BlackStack/BlackStack/runtime/deepseek_v2.py,N/A,Passive refactor proposal,approved
2025-09-04 14:27:40,BlackStack/BlackStack/runtime/fallback_deepseek.py,N/A,Passive refactor proposal,approved
2025-09-04 14:27:40,BlackStack/BlackStack/runtime/persona_loader.py,N/A,Passive refactor proposal,approved
2025-09-04 14:27:40,BlackStack/BlackStack/runtime/persona_variants/auditpersona_v2.py,N/A,Passive refactor proposal,approved
2025-09-04 14:27:40,BlackStack/BlackStack/runtime/persona_variants/blueteam_v2.py,N/A,Passive refactor proposal,approved
2025-09-04 14:27:40,BlackStack/BlackStack/runtime/persona_variants/redteam_v2.py,N/A,Passive refactor proposal,approved
2025-09-04 14:27:40,BlackStack/BlackStack/runtime/finalize_ai.py,N/A,Passive refactor proposal,approved
2025-09-04 14:27:40,/mnt/unified/BlackStack/BlackStack/audit/build_manifest.py,sha256:e5ae723cbe55a21de2102bb1153a61ac2236ce648351e6bb6f49da89d68796ff,Passive refactor proposal,approved
2025-09-04 14:27:40,/mnt/unified/BlackStack/BlackStack/config/route_approvals.py,sha256:e68dd7a4366972085993923c9e9aae82faed1fcfa634d60c1ef06ed1823b2403,Passive refactor proposal,approved
2025-09-04 14:27:40,/mnt/unified/BlackStack/BlackStack/config/snapshot_manifest.py,sha256:7c82a88023f5c4930978fd3ee39f95023361ae403848ddd02655cacc1ee8cbd5,Passive refactor proposal,approved
2025-09-04 14:27:40,/mnt/unified/BlackStack/BlackStack/config/validate_manifest.py,sha256:d0f08edb84dde9e4dd7c1fed387a4d65745c1857ac32d9e07c18e7a9f7c2e76b,Passive refactor proposal,approved
2025-09-04 14:27:40,/mnt/unified/BlackStack/BlackStack/env/dotenv/__init__.py,sha256:3e16bdb844afd624c84ed76899ca69044545e41860bc5c877290fe8ede41e2ba,Passive refactor proposal,approved
2025-09-04 14:27:40,/mnt/unified/BlackStack/BlackStack/env/dotenv/__main__.py,sha256:d6d5485c0c3004bfa4fb2506b1f39cfb3d21d1550e886950cff0929bd9905195,Passive refactor proposal,approved
2025-09-04 14:27:40,/mnt/unified/BlackStack/BlackStack/env/dotenv/cli.py,sha256:10d1c9dd2da1eba7ef226da1ec55dc7a8bacf34803798c6a94693cf05c876b87,Passive refactor proposal,approved
2025-09-04 14:27:40,/mnt/unified/BlackStack/BlackStack/env/dotenv/ipython.py,sha256:d601cce8f69485f530759ca165c34aa6653adc60a7811a7a62081ef06d629c4a,Passive refactor proposal,approved
2025-09-04 14:27:40,/mnt/unified/BlackStack/BlackStack/env/dotenv/main.py,sha256:c6ab9e99aa242a0ef257b0b8a8dbb52db77caca0d6d3d9de1f6bc0178cc0472d,Passive refactor proposal,approved
2025-09-04 14:27:40,/mnt/unified/BlackStack/BlackStack/env/dotenv/parser.py,sha256:8b4f969b42a96a77f61701877adcad3bf277b362dfb7f0b7158901db7cd4f5d2,Passive refactor proposal,approved
2025-09-04 14:27:40,/mnt/unified/BlackStack/BlackStack/env/dotenv/variables.py,sha256:d2e0a0508e4b3579cb6335741a25ad72b3c215ebb3ff943ceb013066d3f3976a,Passive refactor proposal,approved
2025-09-04 14:27:40,/mnt/unified/BlackStack/BlackStack/env/dotenv/version.py,sha256:685f9be1b391a52b48118437835b1de7665bab9880d420f35d59172b314cac74,Passive refactor proposal,approved
2025-09-04 14:27:40,/mnt/unified/BlackStack/BlackStack/ingest/modules/approval_gate.py,sha256:f33dff27502208a03e6e6c18381622b0dbf341f569a3968430a42661b5e13047,Passive refactor proposal,approved
2025-09-04 14:27:40,/mnt/unified/BlackStack/BlackStack/ingest/modules/manifest_parser.py,sha256:ebe6e1073671f67c7a6fb6e33a6bd8cb75f30c8348b168e563304dcebe07959e,Passive refactor proposal,approved
2025-09-04 14:27:40,/mnt/unified/BlackStack/BlackStack/ingest/modules/persona_router.py,sha256:fa6700f4ca9aebecb9358abdcb3d4af782c12936c9cee70519076a71ac414c46,Passive refactor proposal,approved
2025-09-04 14:27:40,/mnt/unified/BlackStack/BlackStack/ingest/modules/refactor_engine.py,sha256:42031594c8f9a0b6a6f2b51bfde5159c45e0c012b18d2d54226828dae65ae556,Passive refactor proposal,approved
2025-09-04 14:27:40,/mnt/unified/BlackStack/BlackStack/ingest/modules/registry_updater.py,sha256:8f99ffa614861989b7278980bdfcfe82cfd7d1d6eb5326f614fc7db3ce36cbcb,Passive refactor proposal,approved
2025-09-04 14:27:40,/mnt/unified/BlackStack/BlackStack/ingest/modules/snapshot_logger.py,sha256:f42f98b3c943c05f10b7a25ff360f3131cdf8797ce96b8072f647d83087bc44c,Passive refactor proposal,approved
2025-09-04 14:27:40,/mnt/unified/BlackStack/BlackStack/ingest/persona_ingest_orchestrator.py,sha256:e4f8013b6556abde64a01e2c3ad0705024392901bf714e70e11fac5b5e1cca92,Passive refactor proposal,approved
2025-09-04 14:27:40,/mnt/unified/BlackStack/BlackStack/ingest/registry_ingest_daemon.py,sha256:c42f05b8df6bf34a9ed4fb2a4b139c1d368c6c159047fc6df8a2c1a6d5cd065f,Passive refactor proposal,approved
2025-09-04 14:27:40,/mnt/unified/BlackStack/BlackStack/ingest/registry_scanner.py,sha256:3184bca5150a36c575771029d3d83cfe6514bea1751d55713dc3d055041d964e,Passive refactor proposal,approved
2025-09-04 14:27:40,/mnt/unified/BlackStack/BlackStack/modules/Diagnostics/libcheck.py,sha256:b97090415b38cbe98e1ef1b651fe38a061ef25f680a0b2dc75d5d88433b5c6a8,Passive refactor proposal,approved
2025-09-04 14:27:40,/mnt/unified/BlackStack/BlackStack/modules/deepseek/autonomy/autonomy_gui.py,sha256:35c7a7557b2a5ca3a66325a915b6ad547976d7479e784b978f784275fb9c3b84,Passive refactor proposal,approved
2025-09-04 14:27:40,/mnt/unified/BlackStack/BlackStack/modules/deepseek/autonomy/deepseek_autonomy.py,sha256:3854bd23f244001420a9a229685f67de0433cc58775f5decfe113e374c588631,Passive refactor proposal,approved
2025-09-04 14:27:40,/mnt/unified/BlackStack/BlackStack/modules/deepseek_refactor_suggest.py,sha256:576d68689106eccc131413c88fd8ddca1addd1d85462b28a4823496649b45e18,Passive refactor proposal,approved
2025-09-04 14:27:40,/mnt/unified/BlackStack/BlackStack/modules/deepseek_registry_builder.py,sha256:6c4c3c0d82920b590d67bbfb64f0370db9ff09f2e8086282ba8974368f4e0c11,Passive refactor proposal,approved
2025-09-04 14:27:40,/mnt/unified/BlackStack/BlackStack/modules/deepseek_scan.py,sha256:051d8546a5810a2a2865d1392382333cd83951610cdd1229eed49f2266b89947,Passive refactor proposal,approved
2025-09-04 14:27:40,/mnt/unified/BlackStack/BlackStack/modules/deepseek_watchdog.py,sha256:94d47304208504797bf266a5ecef3077a10edbb9f0e33499c51723ad7157edcf,Passive refactor proposal,approved
2025-09-04 14:27:40,/mnt/unified/BlackStack/BlackStack/modules/diagnostics/libcheck.py,sha256:ae3cc95def5d0e2fabab9bf40202275fc6251b423d288ac260c23b2dad0339fc,Passive refactor proposal,approved
2025-09-04 14:27:40,/mnt/unified/BlackStack/BlackStack/modules/gui/main_gui.py,sha256:8b0bbc32fbd46e5a18305f62f1f69e4122692f03338bb3a14018713d4e8c6790,Passive refactor proposal,approved
2025-09-04 14:27:40,/mnt/unified/BlackStack/BlackStack/modules/voice/audio_input.py,sha256:3f5ded9677125968ce811d5cb265e8050d0e3cfdabb2d4a3c26964a10e35174b,Passive refactor proposal,approved
2025-09-04 14:27:40,/mnt/unified/BlackStack/BlackStack/modules/voice/audio_output.py,sha256:94c04e2f0fcddf52de8b97733f14af2ca163c74dbc70c199d10ae36166154121,Passive refactor proposal,approved
2025-09-04 14:27:40,/mnt/unified/BlackStack/BlackStack/modules/voice/audio_shell.py,sha256:c1a33dea4f38c378c40f531153ca14318137e90a60b69ec2cc5c080bd21734e4,Passive refactor proposal,approved
2025-09-04 14:27:40,/mnt/unified/BlackStack/BlackStack/persona/api_handler.py,sha256:a8fc6d8bc9b37df1b209b702bd2826e319e29e0775827da6d72f6267484d4a1b,Passive refactor proposal,approved
2025-09-04 14:27:40,/mnt/unified/BlackStack/BlackStack/runtime/__init__.py,sha256:e3b0c44298fc1c149afbf4c8996fb92427ae41e4649b934ca495991b7852b855,Passive refactor proposal,approved
2025-09-04 14:27:40,/mnt/unified/BlackStack/BlackStack/runtime/deepseek_cli.py,sha256:c0a9ac2f58cf3a5c50303cb20bf4660bf513c60db4864d1e722656ae4159c026,Passive refactor proposal,approved
2025-09-04 14:27:40,/mnt/unified/BlackStack/BlackStack/runtime/deepseek_core.py,sha256:ef0fa0d4382992f426738938556740e1fad4d038fa65a3d213ddd2fbd510595c,Passive refactor proposal,approved
2025-09-04 14:27:40,/mnt/unified/BlackStack/BlackStack/runtime/deepseek_v2.py,sha256:70b6913ec15d3db6ea01d49197eeaf2955cbed690bd99296adf48fc4f46c47c6,Passive refactor proposal,approved
2025-09-04 14:27:40,/mnt/unified/BlackStack/BlackStack/runtime/fallback_deepseek.py,sha256:33932bc1f813eba310f6b1c5a2c97461e8dd347384789f15fc894a590a912d4f,Passive refactor proposal,approved
2025-09-04 14:27:40,/mnt/unified/BlackStack/BlackStack/runtime/persona_loader.py,sha256:61d6b6abda9488eb2220dec702c14fbc1b57410e1f1f7d2cf86720a5d7499b4d,Passive refactor proposal,approved
2025-09-04 14:27:40,/mnt/unified/BlackStack/BlackStack/runtime/persona_variants/auditpersona_v2.py,sha256:158c04ef16a4440c07e6ae1dc04bbaec09686a007d9beef2ba8e12d474586a84,Passive refactor proposal,approved
2025-09-04 14:27:40,/mnt/unified/BlackStack/BlackStack/runtime/persona_variants/blueteam_v2.py,sha256:72d1544d67425816b14b415099c96765bf8fb4e03addb9c417fe7f44076362c2,Passive refactor proposal,approved
2025-09-04 14:27:40,/mnt/unified/BlackStack/BlackStack/runtime/persona_variants/redteam_v2.py,sha256:a2554690f0b0659d56fce9ba31eaad45afb195b14ea33e73b4f3e6eb0f7872f5,Passive refactor proposal,approved
2025-09-04 14:27:40,/mnt/unified/BlackStack/BlackStack/runtime/finalize_ai.py,sha256:fd28b36eacc1137682b9f9dacb56bf6e90d10eea92ef44f8f3e3de0820898827,Passive refactor proposal,approved
